commit,date,total_problems,lean_formalized,oeis_linked,total_solved,proved,disproved,solved,lean_solved,open
2a715d6291f6b74cd903ca8f16a761b079b95457,2025-08-31 12:49:49 -0700,992,148,41,355,0,0,355,0,637
d281c7722b83584c94f2edeae1b22815693bee93,2025-08-31 13:42:53 -0700,992,148,43,355,0,0,355,0,637
634f5d76110920c9c2cfdd12d6f4c9612f4bf1ef,2025-08-31 14:15:04 -0700,992,148,45,355,0,0,355,0,637
5abb74e58b0bfabbba46913412165e5a7996d429,2025-08-31 15:49:53 -0700,992,148,48,355,0,0,355,0,637
009173b2d0933df1e73a6f8e9216c28a01191164,2025-08-31 16:55:32 -0700,992,148,50,355,0,0,355,0,637
1004f96d498088d384d85a55dca6f1ded600cb67,2025-08-31 17:23:45 -0700,992,148,51,355,0,0,355,0,637
7e042726a604cc916137ceb1dc01b86f420b23e9,2025-08-31 20:00:17 -0700,992,148,53,355,0,0,355,0,637
3032dc5a9cf6793c4af5c7ac6b787ed2a02b1258,2025-08-31 21:19:42 -0700,992,148,52,355,0,0,355,0,637
49481470b5c0b9054df381f69fdb589c58436838,2025-09-01 08:44:38 +0200,992,152,53,355,0,0,355,0,637
b1662d5cfa3fe1c797ea3e1e69fc71f68d2aa564,2025-09-01 05:49:45 -0500,992,152,54,355,0,0,355,0,637
c19748a707a642b0a4549693d3e550687f5fafcc,2025-09-01 06:39:49 -0700,992,152,56,355,0,0,355,0,637
205439060cd1c66c13acde3f159a2ef6b5ca056c,2025-09-01 09:02:54 -0700,992,152,57,355,0,0,355,0,637
ebe37973f7dc8d017bfeae0f1dfb6d7789c34438,2025-09-01 09:08:12 -0700,992,152,58,349,232,79,38,2,643
8d639d6dfd01b21fab48cfe0490f96a35255dabc,2025-09-01 19:50:07 +0200,992,152,60,349,232,79,38,2,643
3ef5f3ce8cae8815f8be7b0d261c35d8d720bf40,2025-09-01 13:25:35 -0500,992,152,61,349,232,79,38,2,643
074db2814f92ba78d36c84c585fb53eb18618be1,2025-09-01 21:26:11 +0000,992,155,61,349,232,79,38,2,643
ea9d5cd6cf8f21c108c5f7914d8178e7e98e8132,2025-09-01 18:31:55 -0700,992,152,62,349,232,79,38,2,643
3bc2b9c4ae6387d10eee4762106510607f1f6ecb,2025-09-01 18:33:44 -0700,992,155,63,349,232,79,38,2,643
af9a99289e055e76450c46f93e55fc3b8c27547d,2025-09-01 21:51:35 -0700,992,155,64,349,232,79,38,2,643
ad3bde05cfc4c61c3f982bbc87da054d512a0869,2025-09-01 21:57:04 -0700,992,155,65,349,232,79,38,2,643
ee36de8617f35172c1372d4bc061ff06cce4a0e5,2025-09-02 05:46:08 +0000,992,156,65,349,232,79,38,2,643
49a2a3fec248b80bdc736514a351c1bb9a73a5a3,2025-09-02 06:15:39 +0000,992,157,65,349,232,79,38,2,643
f4b70f9a719e79741f6f31824a594ec93bfa70ca,2025-09-02 13:10:40 +0200,992,157,66,349,232,79,38,2,643
8017cb6a7daa486be9f58cc02d95dbb652ce7a30,2025-09-02 09:41:27 -0500,992,157,67,349,232,79,38,3,643
a5c24a5cd97645ac5f942177062fccdd111082d0,2025-09-02 07:50:01 -0700,992,157,70,349,232,79,38,3,643
89c3a9c977fd40de74c0ea18d30ff258af053ff3,2025-09-02 08:04:29 -0700,992,157,74,349,232,79,38,3,643
9991a19525618e0cdcc86ddf6c6e40f8c3bb979c,2025-09-02 08:08:05 -0700,992,157,75,349,232,79,38,3,643
3e73191b105c97e1d40eaebb1cad2bc01ff60e7a,2025-09-02 08:12:18 -0700,992,157,76,349,232,79,38,3,643
d7344eaa150c4823316e6f5816cc6be746d720f2,2025-09-02 08:17:29 -0700,992,157,77,349,232,79,38,3,643
2150c7586deddb7f40339063816ff4e06c21e5cf,2025-09-02 10:31:36 -0500,992,157,78,349,232,79,38,3,643
27bba65eb949e8de93d6b111b37901302de851fa,2025-09-02 09:06:17 -0700,992,157,77,350,233,79,38,3,642
46ec48a70a6452f68ed978f7616fc2cfe8cca309,2025-09-02 11:39:31 -0500,992,157,79,350,233,79,38,3,642
5565504607ead02daf4e328c17426b6cf4cded2f,2025-09-02 19:02:28 +0200,992,157,80,350,233,79,38,3,642
21bd9a11324fd6569c4cf8d60b5a12886f73f092,2025-09-02 19:11:54 +0200,992,157,81,350,233,79,38,3,642
7380967fad1314f8891a232ba3d3e9ad56b06732,2025-09-02 10:31:05 -0700,992,157,84,350,233,79,38,3,642
354a043fb919805cbb2cadba3c18ccd6086252ae,2025-09-02 14:18:14 -0400,992,157,88,350,233,79,38,3,642
09f20a384b3e4a15116d26c9463e8ce886bdfc0b,2025-09-02 14:20:35 -0400,992,157,85,350,233,79,38,3,642
92e9e6d6dcbccf4debf56715513d60adfd1697af,2025-09-02 14:45:17 -0400,992,157,90,350,233,79,38,3,642
0062f8432584821a370f94257f8437586e1f3b36,2025-09-02 14:55:20 -0400,992,157,91,350,233,79,38,3,642
75997fc6d3994b30c4a295e2d1f489aff425e949,2025-09-02 14:59:19 -0400,992,157,92,350,233,79,38,3,642
d28b5cea429c01e89593aa57e4aeac30b7512eb4,2025-09-02 15:54:21 -0400,992,157,94,350,233,79,38,3,642
f1606d81849057634a8197596f00ebc048320206,2025-09-02 15:32:15 -0700,992,157,94,351,233,80,38,3,641
5f71d175da547aeb4dc31b091d377b802b050c4b,2025-09-03 10:50:40 -0400,992,157,94,352,234,80,38,3,640
49f29a44316b85f2e2b811f457b27bf9b0678fd5,2025-09-03 15:45:35 +0000,992,158,94,352,234,80,38,3,640
d9797c64c0c0fcafaea725a565b764ede04335b8,2025-09-03 08:56:53 -0700,992,157,95,352,234,80,38,3,640
310fb9f8a0b110f1cd701f284ad30e890a80abe8,2025-09-03 10:31:36 -0700,992,158,99,352,234,80,38,3,640
890753abbdd3737be0e060a1a7510963e0e2854b,2025-09-03 10:35:43 -0700,992,158,100,352,234,80,38,3,640
62eaea70005b21f3a7c31aa6b3e831234b7ceabe,2025-09-03 12:22:00 -0700,992,158,101,352,234,80,38,3,640
8302eee9f683f46e335a6a2fcda02030db323d25,2025-09-03 16:18:59 -0400,992,158,103,352,234,80,38,3,640
f1c3fe7c830ac6c6ac6485fdba7fa2af656405f4,2025-09-03 14:25:29 -0700,992,158,104,352,234,80,38,3,640
92a60e15458412f2d4b17f5e5f437e017ead160c,2025-09-03 22:40:56 -0700,992,158,105,352,234,80,38,3,640
d535182bbe1091d9b2dffe37cab00519a2572035,2025-09-03 22:55:53 -0700,992,158,106,352,234,80,38,3,640
56ac85ad99c9d17e760e1e492fe8d23cb867b52d,2025-09-04 00:06:39 -0700,992,158,107,352,234,80,38,3,640
c51b13b5e2fec4a7d3d0bff331523ea22e0c027b,2025-09-04 07:43:31 +0000,992,159,107,352,234,80,38,3,640
22998d7dcdda6b2ca2f590452eb6fbbdb1fc8af2,2025-09-04 09:23:56 +0000,992,160,107,352,234,80,38,3,640
69a7d48201f07835253c4b784554af10b9e27849,2025-09-04 08:39:05 -0500,992,160,108,352,234,80,38,3,640
81ef4fbe007f0236a0c230a82eef5c2902178df2,2025-09-04 08:55:23 -0700,992,160,109,352,234,80,38,3,640
04d205ae7c77d52763e76f2ca582bc696c8c97fe,2025-09-04 09:50:59 -0700,992,160,110,352,234,80,38,3,640
17742f0121470518fdf8b6b65ce1e1d738d8950b,2025-09-04 09:57:07 -0700,992,160,111,352,234,80,38,3,640
7bb320210f59c623e45a16ab79c6998ac2917217,2025-09-04 10:34:40 -0700,992,160,112,352,234,80,38,3,640
cfe9674e63a45b43f4b1e5a66f619ee4024aaebd,2025-09-04 12:42:00 -0700,992,160,113,352,234,80,38,3,640
a15217a5c0d37e777a227b52c1a1c9ada16d5009,2025-09-04 12:45:09 -0700,992,160,114,352,234,80,38,3,640
91dedcc18a2ee756998111232a392ef736ea1aa2,2025-09-04 15:39:31 -0700,992,160,116,352,234,80,38,3,640
30d0fad59e5d80c6ffd5ee2a2935992dd623dda6,2025-09-05 13:44:53 +0000,992,161,116,352,234,80,38,3,640
c7bd770eeaf3cb3cb01e81c3366cb6c29bb792b3,2025-09-05 14:16:45 +0000,992,162,116,352,234,80,38,3,640
ded7f299e5a3997fc7c1d0bd7602061eabcecb3e,2025-09-05 18:21:27 +0000,992,163,116,352,234,80,38,3,640
38e893e7c489fefd7d00b8e3117c16ebad888ff3,2025-09-05 18:26:45 +0000,992,164,116,352,234,80,38,3,640
bbd51cbbaa79bca740c1832b38dddb7461de7f78,2025-09-06 22:26:35 -0700,992,160,117,352,234,80,38,3,640
ce0dd010b8ebaa171c4c3b55223f26310619a9f9,2025-09-07 08:48:20 +0100,993,164,118,352,234,80,38,3,641
04b80390c9a4b455bcc2cf68bbbe99cec5077d19,2025-09-07 08:45:10 +0000,993,165,118,352,234,80,38,3,641
6ca6091b2e609d9e62f11559f3d1536ff3544a1d,2025-09-07 10:05:40 -0700,993,165,118,353,235,80,38,3,640
254e893dadbee2284ec0b3403e097cfc398df4b0,2025-09-07 21:35:04 +0100,1002,165,118,357,237,81,39,3,645
42572e578da7e163d0a26411bf2573a4c242bde5,2025-09-07 15:44:55 -0700,1002,165,119,357,237,81,39,3,645
d557c3bd0321186dc4e8e8845bd18af788f3c134,2025-09-07 20:22:48 -0700,1002,165,120,357,237,81,39,3,645
415107319f9406a5b1d47bd69d67119cdbb9d5ea,2025-09-08 14:55:31 +0100,1004,165,121,357,237,81,39,3,647
52eda95f5e0fe0cbfecd2ff2455bb0104dc95bb2,2025-09-08 14:31:27 -0700,1004,165,122,358,238,81,39,3,646
e55db70c018012829581d7b88bf196b0c3c980e9,2025-09-09 08:46:28 -0500,1004,165,123,358,238,81,39,3,646
8d05da36de79a439c7c536fad02df683a5913d29,2025-09-09 10:03:29 -0700,1004,165,124,358,238,81,39,3,646
bc6647f122131d4b37af84aeec223d663ed4fc2c,2025-09-09 10:18:02 -0700,1004,165,125,358,238,81,39,3,646
6da3d1a1600f4699c425a877815a1a2a3c620a68,2025-09-09 15:31:01 -0700,1007,165,125,359,238,81,40,3,648
de6be51a0fd82d289cf1b48698358d70d0aa3dc8,2025-09-09 20:06:07 -0400,1007,165,126,359,238,81,40,3,648
8b19ef8e0fd2eb42d05ddc1ebc4dbdd54705a238,2025-09-09 20:05:44 -0700,1007,165,127,359,238,81,40,3,648
fb84aacec4c65c0f65bffb9f8994968993ad0d22,2025-09-09 20:15:34 -0700,1007,165,128,359,238,81,40,3,648
47a71d930b5d70c88629bc67af4ad7fa5f014c15,2025-09-09 20:20:38 -0700,1007,165,129,359,238,81,40,3,648
100d888c00ef0145d1e51da4640d47bebd94cd5c,2025-09-09 23:06:19 -0700,1007,165,131,359,238,81,40,3,648
c45a7f7be89f7c1b980c590cd71373324d3cb55c,2025-09-09 23:15:55 -0700,1007,165,130,359,238,81,40,3,648
d40b0473f982ba9e2a42981b9499d586e30168b7,2025-09-10 08:54:28 +0100,1016,165,130,361,239,81,41,3,655
2b07da33cc5eb6c4b469d45681a60f70ed201db3,2025-09-10 09:20:32 +0100,1016,165,131,361,239,81,41,3,655
1743c9c117e22f5da61d76908a8df089bbd2dc8d,2025-09-10 10:48:30 +0200,1016,165,132,361,239,81,41,3,655
47658c511f3fda53f69086f9aa87f26432fa03d5,2025-09-10 13:34:50 +0200,1016,165,136,361,239,81,41,3,655
12f9856ad89f1ae21085bebbb85cf1af49273b31,2025-09-10 13:56:42 +0200,1016,165,138,361,239,81,41,3,655
d7187e2addf3c3b42de67ad6571c9735ac5cd87f,2025-09-10 10:30:06 -0500,1016,165,141,361,239,81,41,3,655
d7c80263fd3b9f00a5356731c3f4d6e5fb045dd4,2025-09-10 18:14:24 +0100,1016,165,139,361,239,81,41,3,655
7f17ab6d50df1ad7d1d5a13026ffdbe09837aca3,2025-09-10 19:46:58 -0400,1016,165,142,361,239,81,41,3,655
f2380e1bef128c3ff636cb373f8a4eaa58dc8614,2025-09-10 22:31:52 -0700,1016,165,145,361,239,81,41,3,655
37e5047c7b3b38f891ed1e432ed63340dce6ecbd,2025-09-11 10:46:03 +0200,1016,165,143,361,239,81,41,3,655
30c9b7acc0e0279de2f9aa5a7c36b76a96bf3d3c,2025-09-11 15:09:13 -0400,1016,165,146,361,239,81,41,3,655
c6e76c9aba584570e77629096a0bd9ffa8692ea8,2025-09-11 15:05:11 -0700,1016,165,147,361,239,81,41,3,655
23be3cecaf65d3c6ddaf774324a7602454a74996,2025-09-12 09:38:16 +0100,1016,165,140,361,239,81,41,3,655
53df7c3159f76d1b2b06583b0db8b49059226081,2025-09-12 08:09:37 -0400,1024,165,147,363,240,81,42,3,661
047e6cf218f83b7ce170441738e7cf751c1a8e45,2025-09-12 08:20:27 -0400,1028,165,147,365,240,81,44,3,663
1c8e96dc2b9c1a80aafbc98127bae2ff064c44a2,2025-09-12 20:32:56 -0700,1028,165,150,365,240,81,44,3,663
a5022931f9c69e1d6637d6e9692af094369c2fea,2025-09-13 18:58:26 -0700,1037,165,150,367,243,81,43,3,670
0d4d30b0b8f6d005875d84873cf16d20c6d3fdfd,2025-09-13 21:56:08 -0700,1037,165,151,367,243,81,43,3,670
999a5a813f63f5f5484a0bf6303f096880ddf87c,2025-09-14 00:17:33 -0700,1037,165,154,367,243,81,43,3,670
d4c0486e6ebbd19465e1d08eb5cb2bfc81379232,2025-09-14 09:54:56 -0400,1037,165,151,368,244,81,43,3,669
c30c8ea928809821c65dc161b91c227b1771a14b,2025-09-15 12:55:52 -0400,1037,165,150,368,243,82,43,3,669
7b5a6c3d60278940a09db44e6af464c8f3a82c69,2025-09-15 19:37:58 -0400,1048,165,154,373,245,85,43,3,675
424577b87b2c8ea3cc97f08eaa6c30161be77200,2025-09-15 19:52:52 -0700,1048,165,157,373,245,85,43,3,675
085d11c14d6fced142c29bf458672c238ec74eff,2025-09-16 08:26:02 +0000,1048,166,154,373,245,85,43,3,675
b42ddd8158e1c75b8fd9f25edb9931f7e08cac74,2025-09-16 16:50:31 -0400,1048,166,157,373,245,85,43,3,675
2307dbecd788b72d4fa42d3406de48a7fae8cab2,2025-09-16 16:59:21 -0400,1048,166,157,374,246,85,43,3,674
09aee24e67c1617556ce4d4da10210cb43d486ca,2025-09-18 07:16:47 +0000,1048,167,157,374,246,85,43,3,674
6e50651458ee6482c4abfec2a90a6bd5c45fc419,2025-09-18 15:37:57 +0000,1048,168,157,374,246,85,43,3,674
0a83d89ea1828cb3188ca31e870142bc4248a5e0,2025-09-20 05:28:20 -0700,1048,168,158,374,246,85,43,3,674
c2c9dccc59b7166243e418ae57de189ba7506774,2025-09-20 16:27:45 +0100,1048,168,159,374,246,85,43,3,674
94aee77079908cac94adb9733db0b3a073d4849a,2025-09-21 12:46:16 -0700,1048,168,160,374,246,85,43,3,674
000ec9ac54d21171157eee6d1ede7e8a0ce02640,2025-09-22 07:29:24 -0700,1048,168,160,375,246,86,43,3,673
7e00a1243eafbaa298fe3c5930f67fe78b583740,2025-09-22 10:58:28 -0700,1048,168,161,375,246,86,43,3,673
b6306c67f5a012642e5267d3e755635c4876121c,2025-09-23 07:38:47 -0700,1048,168,163,375,246,86,43,3,673
e673d2065e9a5f0f51e5cbbb69078193267bbb35,2025-09-23 17:45:37 +0000,1048,169,163,375,246,86,43,3,673
7c7682db370de3c3cba0361d40adfda89afda397,2025-09-24 09:19:30 +0000,1048,170,163,375,246,86,43,3,673
7436f1c9e1b59e3b5e13f7d82a47f4ea0fafd29a,2025-09-24 02:45:31 -0700,1048,170,164,375,246,86,43,3,673
2bf1255a1a73c0ba4a622e044a136f9175cb9342,2025-09-24 12:55:37 -0700,1048,170,165,375,246,86,43,3,673
b9b265c89c821332099aef738c1e9936189301f8,2025-09-25 07:11:53 +0000,1048,171,165,375,246,86,43,3,673
72af3f93c948a2abfb4f55f3d11f9cc2ed5d8624,2025-09-25 07:29:00 +0000,1048,172,165,375,246,86,43,3,673
7cf6305ad84d6305ab3cc3491b2644bb243e8d0e,2025-09-25 07:30:06 +0000,1048,173,165,375,246,86,43,3,673
8b1971c0fa93260f56aa4ad12d5cdb5be5b0544e,2025-09-25 15:14:58 +0000,1048,174,165,375,246,86,43,3,673
f2a58fd21f2662e44843b1a22abafaa884bd52cd,2025-09-25 20:27:24 +0000,1048,175,165,375,246,86,43,3,673
45c9f9f22ca6b385ce86c6609583f0d8ea7f61c9,2025-09-26 00:16:38 -0700,1048,175,172,375,246,86,43,3,673
ad665d8aab0e70a4825fdabdbcf93ad631ed9478,2025-09-26 08:19:51 -0700,1048,175,173,375,246,86,43,3,673
580dd353879482b010ef7f155a4272b5416f5ea1,2025-09-26 18:41:38 -0700,1048,175,174,375,246,86,43,3,673
ae30b29738c5983cc492cf853a3713ed06c3d8ac,2025-09-26 18:53:42 -0700,1048,175,175,375,246,86,43,3,673
e96dd161208852b3cb5e68ab73e1ae34c9aa8d01,2025-09-28 09:44:07 -0700,1048,175,175,376,246,87,43,3,672
92deaf20d596071b48c13041942e3fda7b9e4c03,2025-09-28 09:56:41 -0700,1062,175,179,377,247,87,43,3,685
61e1eceedf050f76f6220b30a61357d42ef5d4ae,2025-09-28 18:20:56 +0100,1062,175,180,377,247,87,43,3,685
573eda210715066340a9f9d0c1a1809dff054060,2025-09-28 18:24:32 +0100,1062,175,181,377,247,87,43,3,685
fa878c8d1013840731d1e348778aaf1451b5f796,2025-09-28 18:29:08 +0100,1062,175,182,377,247,87,43,3,685
032d23400573161335cc42a3dfe774339212aa4a,2025-09-28 11:55:23 -0700,1062,175,182,378,248,87,43,3,684
80997e1aca9ed789f3d2b3a245f50e71b0cec856,2025-09-28 12:19:50 -0700,1062,175,183,378,248,87,43,3,684
c4d3cb979c0f6a0bcbc451993d88bfcf2d6b6120,2025-09-28 13:11:34 -0700,1062,175,184,378,248,87,43,3,684
d07b38bfbaabbf306de8021a5459d6b927632d4c,2025-09-29 10:29:34 +0000,1062,176,184,378,248,87,43,3,684
0b857ebc8c724be4d0106f825b6b203a2a1ffcea,2025-09-29 10:48:57 -0400,1062,176,185,378,248,87,43,3,684
a6a7ffc821f4402327655481f7e5b6b88707b59c,2025-09-29 17:14:30 +0000,1062,177,185,378,248,87,43,3,684
32a5f23f5e7853212770b95cc248e865180c9873,2025-09-29 19:34:02 -0700,1062,177,185,379,249,87,43,3,683
6da7146ee659342de91afdb5c0fb1ead663504d4,2025-09-30 11:49:55 +0000,1062,178,185,379,249,87,43,3,683
fb1b68d1c06e5e8c648e568be21ba023eaefd8d7,2025-10-01 10:01:29 -0700,1062,178,186,379,249,87,43,3,683
feabf0ca8d96d182f4d07421d5d98f39b8c261c6,2025-10-01 11:29:05 -0700,1048,174,165,374,246,86,42,3,674
789059dd25b931831980743a8cf8ce6980c83bb2,2025-10-01 11:33:23 -0700,1068,178,185,378,249,87,42,3,690
7a268d187f92aea972950bb2965f6d182a08b199,2025-10-01 23:25:34 +0300,1068,178,186,378,249,87,42,3,690
d38d34090bbe4f39942eefed8f23ad1b8ccefe4e,2025-10-01 22:42:38 -0700,1068,178,186,382,253,87,42,3,686
23c52a88af62b6f90f2202a2f18ae8530d6187a4,2025-10-02 06:49:49 +0000,1068,179,186,382,253,87,42,3,686
c7a214e5009e34515639e25bf0bad29d06025ee9,2025-10-02 15:37:07 -0700,1068,179,187,382,253,87,42,3,686
a9e7825828b2bcf4e7ee88e8a9ba697a297a90ce,2025-10-03 14:09:08 +0000,1068,180,187,382,253,87,42,3,686
7606a6d951d668c23c78febb6bbf1fc6d0adcf2e,2025-10-03 14:31:45 +0000,1068,181,187,382,253,87,42,3,686
4450445556f0ce2d19d8b6cd463dc9085b911d63,2025-10-03 22:10:04 -0500,1068,181,188,382,253,87,42,3,686
daf84e24a09cd42d708d56b3780d744c3d4f8494,2025-10-05 15:00:23 +0100,1076,181,190,383,253,87,43,3,693
39df8e67ce106ceea4a810a371495020ee0f43b6,2025-10-06 10:01:54 +0000,1076,182,190,383,253,87,43,3,693
8cd728275431b8bedc2839ad56c7bf8be81e9afe,2025-10-06 10:04:56 +0000,1076,183,190,383,253,87,43,3,693
07e052d5a78f39d90d5d22063b607c053f69e615,2025-10-06 21:13:00 -0500,1076,183,191,383,253,87,43,3,693
f959cd92a76d12943115a3226bc1f1f358dd7013,2025-10-06 21:43:38 -0700,1076,183,196,383,253,87,43,3,693
c70bc9926bb3a84c25751efa46ef6447ce39eb3b,2025-10-06 23:25:35 -0700,1080,183,196,384,254,87,43,3,696
0fbd7f670f69080b3eac88aa7bf2eb517b3ecbe9,2025-10-07 04:25:59 -0500,1080,183,197,384,254,87,43,3,696
e2aec621f6bd38bbbbc8d8a8ddb0d2593bda7947,2025-10-07 18:06:58 -0700,1080,183,198,384,254,87,43,3,696
ab4fbf0331046324b787a9d3a96588571b18ecb6,2025-10-07 22:52:14 -0500,1080,183,201,384,254,87,43,3,696
fc8bc0cd80d12a8be44021d5dc8229580f139bc5,2025-10-07 23:44:29 -0500,1080,183,202,384,254,87,43,3,696
0a8937b83e64b0859b1361c64fed1dffcb643ec8,2025-10-08 21:25:00 -0500,1080,183,204,384,254,87,43,3,696
c23d5b017165229520a248ff77e4a3b53cfb4611,2025-10-08 21:40:40 -0500,1080,183,203,384,254,87,43,3,696
7a8522bd0e4875c86bcae1259353c3d6e7449aaa,2025-10-10 08:31:02 +0000,1080,184,206,384,254,87,43,3,696
70d15486788abb55289bf542ea0326d6d43289d0,2025-10-10 22:22:20 -0700,1080,184,207,384,254,87,43,3,696
36c933b2c25f90bcb5c86efa394db83be8c1a82b,2025-10-11 11:02:32 +0000,1080,185,207,384,254,87,43,3,696
41587bab868b51cd6822fcc0ea11a55dc1f2e6ad,2025-10-11 08:20:11 -0700,1080,185,207,385,254,88,43,3,695
a384c7ab9e3279e2b928eff3523349b9df972958,2025-10-11 17:10:05 -0700,1080,185,208,385,254,88,43,3,695
1b1ac6b8d4e240e08c35e4102bc709cae363efa0,2025-10-12 03:49:18 -0400,1080,185,210,385,254,88,43,3,695
97e779a664d49b209450ec639bb87fdae3963e67,2025-10-12 08:46:02 -0700,1080,185,211,385,254,88,43,3,695
f9502bad032dce9a572f1824923e5d0336a5606b,2025-10-12 08:56:22 -0700,1080,185,211,387,255,89,43,3,693
cede208e3b5c2123497641c962cc3fc1e2b32a48,2025-10-12 11:52:33 -0700,1080,185,212,387,255,89,43,3,693
bc6f5678e936e0b8153422b33554a2a53f05c0a3,2025-10-13 13:01:57 +0000,1080,186,211,387,255,89,43,3,693
b99ca5a2f377a542531ecf10781aced4933869d4,2025-10-13 14:01:40 +0000,1080,187,211,387,255,89,43,3,693
076b014ceb40e4eacee15ef0de68e783ce31d1c1,2025-10-14 10:43:47 +0300,1080,187,213,387,255,89,43,3,693
98cc54d66577ff4cf346a4cecaa83c6aaab83861,2025-10-14 09:47:03 +0000,1080,188,212,387,255,89,43,3,693
cefb34827790a75af729c7d16c53d6c44ec51c0a,2025-10-14 14:29:20 +0000,1080,189,212,387,255,89,43,3,693
2b5bce4617fa80d369561d37049ba24b07dae0c2,2025-10-14 08:22:22 -0700,1081,189,213,394,255,90,49,3,687
0109c727e81132872d34305db72bbeef8487f1e5,2025-10-14 08:25:59 -0700,1081,189,213,394,259,90,45,3,687
a11e6447f5d8bc06818a87a6af3bfa3d5f449c84,2025-10-14 23:02:36 -0500,1081,189,214,394,259,90,45,3,687
967f06de2c0fcbe7e60d7420be44ac9e454d5adb,2025-10-15 12:00:18 +0000,1081,190,213,394,259,90,45,3,687
93325cca3a337588d52c5b024865e34735dabe5f,2025-10-15 19:36:09 -0700,1081,190,215,394,259,90,45,3,687
599fec08cb857536d04f0122ca50fa797973f7bb,2025-10-16 12:07:47 +0000,1081,191,215,394,259,90,45,3,687
6c63c40c8e659485c9cb44269265c3cba649f4d4,2025-10-17 11:27:15 +0300,1081,191,216,394,259,90,45,3,687
ca26cc7bd6889f2c7239eb610261ebe105a8c650,2025-10-17 11:49:28 +0000,1081,192,215,394,259,90,45,3,687
ebb47603b6d0974ab8e1821feeb75f6105bdeb5c,2025-10-17 15:22:42 +0000,1081,193,218,394,259,90,45,3,687
70fa3a4bb955f9507f21d8cac4722c292f0166b1,2025-10-17 10:05:48 -0700,1090,193,218,394,259,90,45,3,696
957a4eba5fadf908f34743528a7027f63315f940,2025-10-17 20:41:06 -0700,1092,193,218,394,259,90,45,3,698
6247df4a48cf146c037bdc778746bb45fa6cecc0,2025-10-17 20:42:37 -0700,1092,193,218,395,259,91,45,3,697
b5ee0d2d4cc66aec85cb2fe5b260019b4e327fbd,2025-10-18 02:09:01 -0400,1092,193,219,395,259,91,45,3,697
fa91ac600d56b796089704946f18d4431e3fc561,2025-10-18 07:50:37 -0700,1098,193,222,396,260,91,45,3,702
3e46dac522bad8f8a043f34380bf7a879bcbea2a,2025-10-18 09:46:09 -0700,1098,193,223,396,260,91,45,3,702
01ab6287f8c1742c01e50a2637fdcaf0768ba405,2025-10-18 21:46:10 +0200,1098,193,225,396,260,91,45,3,702
33cb02242d3071a0df0d8d445812d0feabd0928a,2025-10-18 23:33:38 -0400,1098,193,224,396,260,91,45,3,702
7c8fed3fe0f893d84576770ce7e063bc3ee47863,2025-10-19 07:59:34 +0100,1098,193,226,397,259,91,47,3,701
edf95d9e04ce96b39cb89612da1308783d3500ac,2025-10-19 03:20:10 -0400,1098,193,227,396,260,91,45,3,702
3200a352ae0d79811a92e2145693fb05e460818c,2025-10-19 08:11:44 -0700,1098,193,227,397,259,91,47,3,701
f480e3982092fde63093e88e3c8eafd4a944108f,2025-10-19 08:13:53 -0700,1098,193,227,398,261,92,45,3,700
51ed39589f290cb3aed8e6439eabf621044515b7,2025-10-19 08:24:54 -0700,1098,193,227,397,260,92,45,3,701
4316265c7d22b902f4ad43c8b484a70fa52eb249,2025-10-19 12:57:18 -0700,1103,193,227,398,261,92,45,3,705
b786a09b28be73a774758bf149c3b74ea7a111ab,2025-10-20 10:55:42 +0000,1103,194,227,398,261,92,45,3,705
ff7af08dc1fbe40b0a422ca4b9f76bc48d3eb01a,2025-10-20 19:54:11 -0500,1103,194,228,398,261,92,45,3,705
cc862c220f0212b5370a14e55f00bf4344ea5007,2025-10-20 21:29:10 -0700,1103,194,229,398,261,92,45,3,705
437d2d9e3376e8544e6ba3ace0d6b48293d2a147,2025-10-21 08:26:44 +0000,1103,195,229,398,261,92,45,3,705
18bd240d4331bd08d5dfef075d9ed310576e8b05,2025-10-21 09:39:23 +0000,1103,196,229,398,261,92,45,3,705
e3944990c3f2c54ba24acef4f0168eafa9e2ba22,2025-10-21 13:18:41 +0000,1103,197,229,398,261,92,45,3,705
178082e20b59344553bf12d3d378078b07ebbdb0,2025-10-21 19:10:10 -0700,1103,197,229,399,261,93,45,4,704
10dbd6e92d39c2209d31a682b37eb0b4b1de7d8e,2025-10-22 10:25:36 -0700,1103,197,230,399,261,93,45,4,704
110734fe188da22decc78f672fbb5d490ea34fc5,2025-10-23 12:20:27 -0700,1103,197,230,400,262,93,45,4,703
881d5c3a62a5d387126e2b6c924c92eb7eac0186,2025-10-23 18:46:25 -0700,1103,197,231,400,262,93,45,4,703
754127a048025e31a3c03831eb37571317a51c44,2025-10-24 12:50:37 +0000,1103,198,231,400,262,93,45,4,703
ede3231b8dbf6cee9ee7ebce2a00a68031c3a712,2025-10-24 19:52:24 +0000,1103,199,231,400,262,93,45,4,703
f21134650be93446dde895a0c060824d154fd18a,2025-10-25 07:49:38 -0700,1103,199,231,402,262,95,45,4,701
b92f7f78bcf0ce7bb4befa105f37dda78c6ff4a9,2025-10-26 18:01:59 -0700,1104,199,231,402,262,95,45,4,702
e24ffab661c19c45a5e4ef2796ca3cf238b5bc17,2025-10-26 22:07:32 -0700,1104,199,232,402,262,95,45,4,702
0705729bc2b41794ae18605898f207a0187c498b,2025-10-26 22:32:08 -0700,1104,199,233,402,262,95,45,4,702
07dbcbd161a5e2cd8ea8a5a2596f7ee8b7e4e975,2025-10-27 11:18:24 +0300,1104,199,234,402,262,95,45,4,702
ca6649f565fe0375759d37a8cb39dc435c24d9b4,2025-10-28 08:26:08 +0000,1104,199,234,404,262,95,47,4,700
c2a7dab27762fb0b5847afb876d9895997d8cd3d,2025-10-28 08:14:02 -0700,1104,199,234,403,261,96,46,4,701
dcb9b795b965c29da496ffd8f10c38168fbe924e,2025-10-28 10:09:41 -0700,1104,199,235,403,261,96,46,4,701
60504cdb3dc9a93fdd01eeebcc1c39cb3e74589e,2025-10-28 18:01:48 -0700,1104,199,236,403,261,96,46,4,701
6858587cef80e9a715444f9d56ca7f248c19e98d,2025-10-28 22:23:34 -0400,1104,199,237,403,261,96,46,4,701
8929ec3d26adc422c45fe109330ccb46fbe82800,2025-10-29 11:25:46 -0400,1104,199,238,403,261,96,46,4,701
5e186a69c2073260dc9dce7cb2d8793d0b145892,2025-10-29 17:54:41 -0700,1104,199,239,403,261,96,46,4,701
5d432bd23a0b1ee41310096ad7aba61b8d92861d,2025-10-31 07:52:50 -0700,1104,199,239,407,264,96,47,4,697
0c349de2b93b5baddc44103a4cd79ce78ad9d2b1,2025-10-31 07:54:04 -0700,1105,199,239,407,264,96,47,4,698
f25579e823a40a7dc7b5b339dd25b37aa4d5f103,2025-10-31 12:27:13 -0700,1105,199,240,407,264,96,47,4,698
3ba22f3c1c7fbe44a60c0ca2a91413387e501880,2025-10-31 16:48:17 -0700,1105,199,241,407,264,96,47,4,698
dd667d69b76f148bc6c2f6b7d86eb297c4d6d3ed,2025-11-02 14:23:57 +0000,1105,200,241,407,264,96,47,4,698
44bb515fd4d9a9ee76f6bff09fb3934aa5554cc9,2025-11-02 14:51:37 +0000,1105,201,241,407,264,96,47,4,698
dfee90d4fa1fec0398962fada462f8f5d0bbe6bb,2025-11-02 15:33:29 -0800,1105,201,242,407,264,96,47,4,698
8878ae369fe9d43f47954f027eb5a4dc4b765b14,2025-11-03 09:07:46 -0800,1105,201,242,408,264,97,47,4,697
14aae181405de870784f9d8a9f7a605813743c9d,2025-11-04 11:57:23 +0000,1105,202,242,408,264,97,47,4,697
98a29881c8b1535c17a8a577d1e39aa5fc1f101f,2025-11-04 07:34:56 -0800,1105,202,243,408,264,97,47,4,697
fc5b54455a1e6f8bbf91169f053ac21032446b6e,2025-11-04 16:36:47 -0800,1105,202,244,408,264,97,47,5,697
a951e45c8b660b416e41cdb1a04a79b877e9a7f1,2025-11-04 21:18:05 -0600,1105,202,245,408,264,97,47,5,697
5f1e4b72bcfe531e18155d45d4b9296d8b5acf75,2025-11-04 20:12:51 -0800,1105,202,246,408,264,97,47,5,697
611aef4b0b7260d07d92429a05983a86a18ddaa1,2025-11-06 02:16:02 -0500,1105,202,247,408,264,97,47,5,697
50b961d28b62ac7046647c9f19fc05961cc4ab64,2025-11-06 10:37:14 +0000,1105,203,246,408,264,97,47,5,697
bfeee064471d89ced57d3cb997e8232d583ee058,2025-11-07 16:14:03 -0600,1105,203,248,408,264,97,47,5,697
204dcaa24a4767b5480a14a35837abf798d1d91c,2025-11-08 20:23:32 -0600,1105,203,250,408,264,97,47,5,697
0e55e1fb8e8b49f215457e4c2e6e7074497eb994,2025-11-09 01:12:21 -0500,1105,203,251,408,264,97,47,5,697
98cebec85f35eeaa2e56830f4d72230d4a505a96,2025-11-11 11:06:43 +0000,1105,204,251,408,264,97,47,5,697
66795b6deef8cbc483ec29b93e3d1f0374bb7ac3,2025-11-11 11:37:11 +0000,1105,205,251,408,264,97,47,5,697
71b9fbc535df70ae3a39646d2daca498755fe5f0,2025-11-11 10:32:11 -0800,1105,205,252,408,264,97,47,5,697
fcf0be778a65db4b0de206d84187fa8624632454,2025-11-12 08:33:00 +0000,1105,206,252,408,264,97,47,5,697
1a402bca220daee3485ceb435400ef7fe3954629,2025-11-12 08:38:02 +0000,1105,208,252,408,264,97,47,5,697
c96303ac066d7628c9d3b2c9b426826cb4bc5a47,2025-11-12 09:19:54 +0000,1105,209,252,408,264,97,47,5,697
e44c6e87266fc1ded5f3034ce0395ea183c9a42a,2025-11-12 09:56:54 +0000,1105,210,252,408,264,97,47,5,697
a951a5519947dd9ccac0db6c1119ca90ecf755fc,2025-11-13 15:13:13 +0000,1105,211,252,408,264,97,47,5,697
96747be83d548adbee978f9f0c6013b698c11599,2025-11-13 16:58:23 +0000,1105,212,252,408,264,97,47,5,697
2312034eb0c7a87b3806cfe55a0861869c06bbdd,2025-11-13 17:03:16 +0000,1105,213,252,408,264,97,47,5,697
2bfb008886111dcc100d41f5f9db16f496aae1b8,2025-11-13 17:40:18 +0000,1105,214,252,408,264,97,47,5,697
2baa53ad05bfb9e2f64362faca2570d95762b4ad,2025-11-13 20:19:22 +0000,1105,215,252,408,264,97,47,5,697
d37187738e3f533eb4b14a8e162a76c5516c6784,2025-11-15 11:13:14 -0800,1105,215,253,408,264,97,47,5,697
355ad5d5c450d30cd179fc6aec6039b929a90881,2025-11-15 17:07:10 -0800,1105,215,254,408,264,97,47,5,697
2ddd47927251516a844cd0f9a7bed3fd089c1083,2025-11-16 10:16:21 -0800,1105,215,255,408,264,97,47,5,697
4c7d51edcde34d22b33018bba73c50443fd6f634,2025-11-16 12:48:05 -0800,1105,215,255,409,264,98,47,5,696
9decff59a84c87b996e756537e479f7fa8ea5c5b,2025-11-17 08:23:53 -0800,1105,215,256,409,264,98,47,5,696
edfce2fbf7634f4eb43148ab2df8633b0aa8168b,2025-11-17 08:32:20 -0800,1108,215,256,409,264,98,47,5,699
acb4ea004bebbd6117f77aeabe66791a4e1c546a,2025-11-17 11:34:36 -0800,1108,215,257,409,264,98,47,5,699
c9ed77d3268a6410b8c4a15c24e88986698b6967,2025-11-18 22:38:12 +0000,1108,216,257,409,264,98,47,6,699
c986753b6ec846aca1f0e93062aa1e2b1dad0bc2,2025-11-19 15:51:44 +0000,1108,217,257,409,264,98,47,6,699
e16cf71a52255177a2119d7c1eb95999467e3a1c,2025-11-20 08:21:24 +0300,1108,217,258,409,264,98,47,6,699
a32a312b18f61deab3314924ebf7f4545992e001,2025-11-21 12:38:41 +0000,1108,218,258,409,264,98,47,6,699
9842183a5c448a09c009bb6ab1982259ed1ce3e2,2025-11-21 13:21:52 +0000,1108,219,258,409,264,98,47,6,699
83067cfa824b0664c74350771f7f863d64c6fe57,2025-11-21 13:51:35 +0000,1108,220,258,409,264,98,47,6,699
0ea0399efba432d3552774856f023fb41b614bce,2025-11-21 14:35:09 +0000,1108,221,258,409,264,98,47,6,699
5b9e753c97d3db9d2a5e34745d6805bef118edd0,2025-11-21 14:59:51 +0000,1108,222,258,409,264,98,47,6,699
2ad074833b6164468f723f1eae50c5d6b9265baa,2025-11-21 08:54:20 -0800,1108,222,258,410,265,98,47,6,698
566b16832fe31b576ce358f063d46b177d2a55b3,2025-11-21 18:44:10 +0000,1108,223,258,410,265,98,47,6,698
b6c44157946b90be9ee289a126f076e952acb881,2025-11-21 21:24:15 +0000,1108,224,258,410,265,98,47,6,698
4f5c4fb42363c5a739fc4919dc73cafd2d9d5376,2025-11-24 08:45:04 +0000,1108,225,258,410,265,98,47,9,698
57ea7fc1ed0ca18dfedb767f6df06d6371557b40,2025-11-24 10:38:24 +0000,1108,226,258,410,265,98,47,9,698
5931086860dc24cee7abf8ba8ccf20c26641f822,2025-11-24 11:11:50 +0000,1108,227,258,410,265,98,47,9,698
1244d016d359e3604a60bcfa4957b949e2de05b1,2025-11-24 15:44:07 -0800,1108,227,259,410,265,98,47,11,698
bf4d345f50d073a17fa4c18acef92ed6dbcabc8a,2025-11-25 11:34:30 +0000,1108,228,259,410,265,98,47,11,698
d6bc5aa997e7dcfbc3203840daecbef6cdb1b381,2025-11-25 12:56:09 +0000,1108,229,259,410,265,98,47,11,698
06f16357129420f0c1ab658f949a90931ae05ca3,2025-11-25 13:05:24 +0000,1108,230,259,410,265,98,47,11,698
74f7b34db7586cb02de4bf17740970fa27aa5cca,2025-11-25 13:51:36 +0000,1108,231,259,410,265,98,47,11,698
ba6f3bb43c3e7d190169d1bb59f80e9403be0e6a,2025-11-25 21:41:49 +0000,1108,232,259,410,265,98,47,11,698
7185d28a397826d5e28ef9183d075ee3cb0e0295,2025-11-25 22:16:20 +0000,1108,233,259,410,265,98,47,11,698
00cc22ad58a905f480e28f031c7431e1c59efb2e,2025-11-26 12:34:16 +0000,1108,234,259,410,265,98,47,12,698
d8e776939058050ed84d1ffd96fabcbd902ddd9e,2025-11-27 07:22:00 +0000,1108,235,259,410,265,98,47,13,698
396edc8884bd0ec874a3844bf657b493b72903b7,2025-11-27 08:42:12 +0000,1108,236,259,410,265,98,47,13,698
7fc13c516d2692bb915d57f64b5492596476a820,2025-11-27 08:43:54 +0000,1108,237,259,410,265,98,47,13,698
6548216dda86baceb3af8c2b74b9330cf78ca390,2025-11-27 12:30:44 +0000,1108,238,259,410,265,98,47,13,698
dbef3ce991344618f28e84ee2a8c6f27572e8209,2025-11-27 13:10:48 +0000,1108,239,259,410,265,98,47,13,698
ac6012ada1dad05475c7a67bacea9c70c4b14dc2,2025-11-28 11:51:30 +0000,1108,240,259,410,265,98,47,14,698
807120a527fd43dcf5870c5b8972c0392adaa2df,2025-11-28 11:26:41 -0500,1108,240,260,410,265,98,47,14,698
705b8a1b6e2b410eb215aca61ca5b94714923405,2025-11-28 21:19:57 +0000,1108,241,259,410,265,98,47,15,698
c64874525134b77b3a5a9d02ba0181c373613917,2025-11-29 11:13:17 -0800,1108,241,260,410,265,98,47,16,698
a7aed2ecd63472ff19ec60255d3025ec486bee6a,2025-12-01 14:00:33 +0000,1108,241,260,411,266,98,47,17,697
45f91aada136b45d237a60bed9cac2be3161c76a,2025-12-01 14:15:24 +0000,1108,241,260,410,266,97,47,16,698
b099232763190001bc1eaa5d392722e7307f997e,2025-12-02 20:53:11 +0000,1108,241,260,413,268,97,48,16,695
dbd4af8a3b22ba3a4da08ba33a5970d074eb9950,2025-12-03 06:45:29 +0000,1108,241,261,413,268,97,48,16,695
d96b3e71ec152d6348517d89490e62a386d9325e,2025-12-03 16:06:44 +0000,1109,241,261,413,268,97,48,16,696
8941ade2f39562e3e1878da934ad6838260198ba,2025-12-04 11:08:48 +0000,1109,242,261,413,268,97,48,16,696
bc54e2fdddcc6c06ed27b4b82bdfadbad007c1e4,2025-12-04 12:52:44 +0000,1109,243,261,413,268,97,48,16,696
c2bf37d4dbeb8d40298d54007069847304a4fd7b,2025-12-04 17:50:14 +0000,1109,243,261,413,268,97,48,17,696
286b1a6135c4de6fa5b2323513ede58d7b06f41c,2025-12-05 18:22:55 +0000,1109,243,261,414,269,97,48,17,695
51994b885ad33bf0466e3db97c9158ab0d3730fc,2025-12-05 18:25:20 +0000,1109,243,261,415,270,97,48,17,694
ad3348c4d4508b64bbc9d6c1b0ebf790a9f22e7b,2025-12-07 18:40:16 +0000,1111,243,261,415,270,97,48,17,696
6e36b3f6a7dadb0a8bd3ad1e8eb559d2195e189a,2025-12-07 21:38:06 +0000,1111,245,261,415,270,97,48,17,696
f79ad32bce6ebed1d6bf9e704cc8ef2a2b3eecc3,2025-12-08 16:00:57 +0000,1111,245,261,414,269,97,48,17,697
2b567dd1d134d284d718a355ee5f47645ae45ca7,2025-12-08 22:37:24 +0000,1111,245,261,415,269,97,49,17,696
eda31b5be8771e3cfb6add813d39f0f0653943b3,2025-12-09 06:02:49 +0000,1111,245,261,415,269,97,49,18,696
1eca2a6b2739b816bc86b8e83e43ed515e215bc0,2025-12-09 15:49:57 +0000,1111,246,261,415,269,97,49,18,696
df521972263b546d4140506e2874b4755eaa8e52,2025-12-09 16:18:38 +0000,1111,248,261,415,269,97,49,18,696
475c1fc406a3e83fa0c26e6c37018a0ac219c32b,2025-12-09 18:35:36 +0000,1111,249,261,415,269,97,49,18,696
239dc08d93cd4565b122b7bccdc05394772899e6,2025-12-09 18:49:24 +0000,1111,249,262,415,269,97,49,18,696
38c1a5e805f241fd136c6b62db3ab7ff88cf7899,2025-12-10 11:27:43 +0000,1111,250,262,415,269,97,49,18,696
467afae8e3973ac2555285cd7e2ebe4a59ba0764,2025-12-10 11:50:12 +0000,1111,251,262,415,269,97,49,18,696
ad537b4764a897e5ed80287d28fe2adb392aee63,2025-12-10 13:50:42 +0000,1111,252,262,415,269,97,49,18,696
76f778d9b0ceca422f59fb17cd8c8b048c11c1d6,2025-12-10 14:08:04 +0000,1111,253,262,415,269,97,49,18,696
eeb3d6b9f969681ae0c25ac27ed6fd4e87f9bf64,2025-12-10 14:10:49 +0000,1111,254,262,415,269,97,49,18,696
a9086979f087acaf96e003f34db82356cb557341,2025-12-10 14:12:31 +0000,1111,255,262,415,269,97,49,18,696
99fd1adfa2c58f04851743fe3e4227ebed611b1c,2025-12-10 15:54:11 +0000,1111,256,262,415,269,97,49,18,696
524c07126111f41d7d42847e7d37040507bfec0b,2025-12-10 18:11:44 +0000,1111,256,262,415,269,97,49,19,696
d8bb2c3c1eb62e89471612776b29fdd0d5252bcb,2025-12-10 18:16:48 +0000,1111,257,262,415,269,97,49,19,696
d305da303f0fe5ef6ec2b50b7260c31bedd267e4,2025-12-11 08:10:13 +0000,1111,258,262,415,269,97,49,19,696
3b3be5d4b34a92f094d6cb8d12ee51390bc3d736,2025-12-11 13:37:52 +0000,1111,259,262,415,269,97,49,19,696
880697c4d7488da1775e041969c33965cf1ff3d1,2025-12-11 14:57:09 +0000,1111,260,262,415,269,97,49,19,696
11c1230e5582a6f34717f7b909c4ab1ba9bedd8f,2025-12-12 12:19:50 +0000,1111,261,262,415,269,97,49,19,696
f757f985d6b4d46d9a5dad5ef3de3b581630168f,2025-12-12 15:58:41 +0000,1111,261,262,414,269,97,48,20,697
06fdb2152ac5bc37352c721262a75b843fa15597,2025-12-12 14:39:00 -0800,1111,261,262,415,269,97,49,20,690
03a0f7a1f70843abe892899e7688144b4a4d13e8,2025-12-13 00:30:03 +0000,1111,261,262,419,271,97,51,20,692
3f92e70778ca55ebe468f45557c9e1546759abab,2025-12-13 16:49:30 +0000,1111,262,262,419,271,97,51,20,692
f3a95264750661869143bbddfacbd0471b05f27a,2025-12-14 16:11:19 +0000,1111,262,263,419,271,97,51,20,692
b6db97414e4c77a7391823542e220270aa798117,2025-12-14 16:13:58 +0000,1111,262,264,419,271,97,51,20,692
7dba971a00e32373a57a6d46d503912d11d24256,2025-12-14 16:16:00 +0000,1111,262,264,420,271,97,52,20,691
625081a0ccd8361cf2368b2bef0c535a992e493b,2025-12-17 13:08:14 +0000,1111,263,264,420,271,97,52,20,691
5028befee546a211ebcd1c0fc3ff062868cbd2e5,2025-12-17 13:13:43 +0000,1111,264,264,420,271,97,52,20,691
db22aef4c93b2236c44eb0332332a0a46d95f72b,2025-12-17 17:21:36 +0000,1111,265,264,420,271,97,52,20,691
6d283199692fb7ca94a7e70107bc28da274c46de,2025-12-19 02:00:28 +0000,1111,265,265,420,271,97,52,20,691
751e5728d6fbdef424f65ade12764271e12001ba,2025-12-19 02:01:26 +0000,1111,265,266,420,271,97,52,20,691
ee533da470eb16074ce73c6dd4aedff9df96d17d,2025-12-19 16:27:12 +0000,1111,265,266,420,271,97,52,21,691
162714448d3f6e7d5319130406a99eccde4c3f6e,2025-12-19 22:31:04 +0000,1111,265,266,421,271,98,52,21,690
18f83bf66433db8ca302b439ad9e61975a31a23a,2025-12-19 23:27:08 +0000,1111,265,266,421,271,98,52,22,690
11dd4a08639230ff5e9aeae5b155a5a332024c8c,2025-12-20 14:37:46 +0000,1111,266,266,421,271,98,52,22,690
1d8d7b67ac2a132b8e64b01d942da3b3286894fb,2025-12-20 20:52:54 +0000,1111,267,266,421,271,98,52,22,690
a9b57e80f7bc5015000d262588beaf03a34d5686,2025-12-20 21:38:58 +0000,1111,268,266,421,271,98,52,22,690
e8383f0d01d4e37652699b72b5bed733adc57853,2025-12-20 22:33:00 +0000,1111,269,266,421,271,98,52,22,690
23b0ec3f7b0aa8855ff3f30e1040a57f77e34c7b,2025-12-21 00:48:12 +0000,1111,269,266,422,272,98,52,22,689
9a17344b4164e63de8729bc48825d6a86fa46ebe,2025-12-21 16:36:18 +0000,1111,269,266,422,272,98,52,23,689
9b7d73119adaeef2e3408f146deb853908b01c9d,2025-12-22 17:23:37 +0000,1111,269,267,422,272,98,52,23,689
8ec5954ecb3cb8d9efd8251cd8995a212dbe1500,2025-12-22 21:17:10 +0000,1111,270,267,422,272,98,52,23,689
2ccc744a51c2ae6474c7b423538de148062e7284,2025-12-24 08:48:59 +0000,1111,271,267,422,272,98,52,23,689
27a200f79265253769b0acb8df55396bd0b40043,2025-12-25 17:26:09 +0000,1111,271,269,422,272,98,52,23,689
37b0b544eea025d516a510bece376f85f900e5a8,2025-12-25 17:35:20 +0000,1111,271,269,423,272,99,52,24,688
f185e4fada88e1b7505d1eb6b64e3b91d4bd526e,2025-12-26 13:24:05 +0000,1111,272,269,423,272,99,52,24,688
88c851b65589ef9550c403eae722c391ce155889,2025-12-26 21:42:30 +0000,1110,272,269,423,272,99,52,24,687
61544776d084f37c056567cbcb4f19afbe509f62,2025-12-26 21:48:07 +0000,1110,272,269,424,272,100,52,24,686
b5b5a65167fdd9f4b7290d7d1856d44def0b71c9,2025-12-27 04:38:16 +0000,1111,272,269,424,272,100,52,25,687
d6f8854316b8da6d12185205d47da3d29146621e,2025-12-27 04:59:41 +0000,1111,272,269,425,273,100,52,25,686
f315da8240c582c2ba1e95f4c25a6a475ff4a2ea,2025-12-27 15:35:29 +0000,1111,272,269,425,273,100,52,26,686
5ae5aee5a4024ecf4af3c01cc5e4f465b189a751,2025-12-27 15:36:36 +0000,1111,272,269,425,273,100,52,27,686
3519da18aed82256655fef9f30d05647dc9d2286,2025-12-27 17:16:40 +0000,1111,272,269,426,273,100,53,27,685
3940682f870ab33e0e0e65b05577fa11cc2df4da,2025-12-28 06:32:44 +0000,1111,272,269,426,273,100,53,30,685
8a0b8fb60a25061d11d036d36b1f74921b00f339,2025-12-28 11:36:09 +0000,1111,273,269,426,273,100,53,30,685
9dcc58baafbc399f1f896de485b18b1dfcb380a5,2025-12-28 15:29:00 +0000,1111,273,270,426,273,100,53,30,685
bcce9ed46574e3e30e39b006639234544da7b0e6,2025-12-28 15:39:33 +0000,1113,273,271,426,273,100,53,32,687
54b0a7d1db7fa6868e820b78e1c39c938ba055cc,2025-12-28 15:59:52 +0000,1113,273,271,426,273,100,53,33,687
414054f2b75b9f5a8051d24e63e91f2ba1c40d54,2025-12-28 17:53:31 +0000,1113,273,271,427,274,100,53,33,686
00eabc007274c834c0da96306488fb85234f0432,2025-12-28 19:27:05 +0000,1113,273,271,428,274,100,54,33,685
f6933b5eefb9ed8ec1c24f833e8ecf974d27336b,2025-12-29 07:57:32 +0000,1120,273,271,432,274,101,57,32,688
57dab5edb17c5634e6f232282baeb6561bfb10b2,2025-12-29 13:29:59 +0000,1120,274,271,432,274,101,57,32,688
44c7115abbcfc16c30eb224103cdbad68758feb1,2025-12-29 15:54:12 +0000,1120,275,271,432,274,101,57,32,688
17f02eabeb4349d5558bc830f2e4274dfd7b1f65,2025-12-29 16:57:14 +0000,1120,276,271,432,274,101,57,32,688
3a954945a152a53ce1030a2af233969776f40341,2025-12-29 17:02:08 +0000,1120,276,272,432,274,101,57,35,688
3572d1211b7663e173e0056b79412060edf14ad3,2025-12-29 17:05:14 +0000,1120,276,272,432,274,101,57,36,688
29010b12e98b89f301863d99e0d83b0156c1a680,2025-12-29 23:48:34 +0000,1120,276,273,432,274,101,57,36,688
457e5c054a6d0f856287be8510f3b7bd6127b86a,2025-12-30 09:51:34 +0000,1120,277,273,432,274,101,57,36,688
6701d7d09ef69e41247774fe60008c6e80ba4cf9,2025-12-30 10:19:12 +0000,1120,278,273,432,274,101,57,36,688
bd65a2f69208bccd133b51c441483482f90fd681,2025-12-30 16:26:14 +0000,1128,278,273,437,278,102,57,36,691
59b500bb4aa43434ed603c3626be02060504fec9,2025-12-30 17:32:37 +0000,1128,279,273,437,278,102,57,36,691
144b186cc4b187ce2a1c0fa4e3ad6f84e33322bd,2025-12-30 18:09:13 +0000,1128,280,273,437,278,102,57,36,691
3aaafdf4005051d45817e5aee268e7855f088645,2025-12-30 20:27:13 +0000,1128,281,273,437,278,102,57,36,691
5271e464dfaaad41a8a081ae1365133dd67c8633,2025-12-31 07:33:24 +0000,1128,281,273,439,278,102,59,37,689
cc8ef5464133e18ed377de1f7ff0f705634cee36,2025-12-31 12:50:23 +0000,1128,282,273,439,278,102,59,37,689
4bb502f392b103397e6e0c6e6f25db6ecbd79c46,2025-12-31 14:14:42 +0000,1128,282,274,439,278,102,59,38,689
c88be23fd9d0d435cc0f403b5b27c9f6f58a51b7,2025-12-31 21:13:18 +0000,1128,283,274,439,278,102,59,38,689
226a978a4bfff8a42298036b67ac68c7b67731cb,2026-01-01 09:12:20 +0000,1128,284,274,439,278,102,59,38,689
550d5da69d3d3711b4c17855f2434b4257543997,2026-01-01 17:17:25 +0000,1128,284,274,440,278,102,60,38,688
41e4af644bde74216c4efa90b9e0ff9d4c679f9b,2026-01-01 19:39:57 +0000,1128,285,274,440,278,102,60,38,688
6e481585572597ff9773ae3592bf3278bd39d43e,2026-01-02 03:34:34 +0000,1133,285,274,440,278,102,60,38,693
fef8be737cf2495aea202a195fd53a477a5022a7,2026-01-02 09:03:29 +0000,1133,286,274,440,278,102,60,38,693
ab2f4d478624720f0e7113601994aa3aef2c8631,2026-01-02 15:40:23 +0000,1133,287,274,440,278,102,60,38,693
32c43b4296487e7d7288a6a7fcf31a65395bc059,2026-01-02 17:42:46 +0000,1133,287,275,440,278,102,60,38,693
6891ac937e55ed25bb206484232d6ae35a8d6ff7,2026-01-02 20:56:30 +0000,1133,287,275,441,278,103,60,38,692
95f9d306dcba5bfa3ba7868962e56057ea2358e3,2026-01-03 17:15:45 +0000,1133,289,275,441,278,103,60,38,692
8c2760e1dd4ab909aa9b238c131f29edf42e7c77,2026-01-03 17:17:35 +0000,1133,290,275,441,278,103,60,38,692
8232db13151d456083085dc2c430a80cc8d44b51,2026-01-03 21:10:22 +0000,1133,291,275,441,278,103,60,38,692
e00319626ede2137648a2f653cd9df50ccd89cda,2026-01-04 07:04:18 +0000,1133,292,275,441,278,103,60,38,692
1af9c35902e0a9b5e1757731c0337556f83d29da,2026-01-04 08:36:39 +0000,1133,293,275,441,278,103,60,38,692
951dba27bffe4e2554f48361bab6b40a92af1298,2026-01-04 18:28:49 +0000,1133,294,275,441,278,103,60,38,692
5e23f55c31f1c86f6ae89cafdd2a6e7ccd290904,2026-01-05 12:59:35 +0000,1133,295,275,441,278,103,60,38,692
49a8472900412586789a3db3955a1582f29ce56a,2026-01-05 14:22:31 +0000,1133,296,275,441,278,103,60,38,692
5f62748932737d2801df0fe56384c0f5a77d575c,2026-01-05 15:50:39 +0000,1133,296,275,442,278,104,60,39,691
71d59c536666701a1fd45928c6249223195e12e1,2026-01-06 05:53:21 +0000,1133,296,275,443,279,104,60,40,690
0753eae82200e3b858d9a16ab547ea00d5376ec6,2026-01-06 11:42:13 +0000,1133,297,275,443,279,104,60,40,690
de0d1a973d1d42ffb344ef99f5e5d17a5c3e3a36,2026-01-06 18:15:29 +0000,1133,298,275,443,279,104,60,40,690
536c80611900bfa3657281f1170b3c1ee41e0be7,2026-01-06 21:20:03 +0000,1133,299,275,443,279,104,60,40,690
dd0e00154bd615cb4bfa83f6cedfeeacefe9f38b,2026-01-07 08:30:02 +0000,1133,300,275,443,279,104,60,40,690
83a30d8325d1164b20451d6a8d27a9d508d0d19a,2026-01-07 10:47:10 +0000,1133,301,275,443,279,104,60,40,690
58d15aa2cfd01dba59303a89c378c9da5cd1aa83,2026-01-07 11:54:18 +0000,1133,302,275,443,279,104,60,40,690
5062f7baa0c9e6b07c1e9e0d4c20ba3568b81150,2026-01-08 00:52:45 +0000,1133,302,278,443,279,104,60,40,690
7030aef1eddb8fe0fde9d870cb2fd54064acee1b,2026-01-08 00:53:18 +0000,1133,302,279,443,279,104,60,40,690
9494584295b12f7fff3aa90bea4581206a8c6de8,2026-01-08 02:57:22 +0000,1133,302,279,443,279,104,60,41,690
9d8b90beb1226101d98b999702d7df351018bc2f,2026-01-08 05:39:31 +0000,1133,303,279,443,279,104,60,41,690
ed0a6b9e3ac03e1ff2ed4a5473f98a0c9d072324,2026-01-08 09:56:07 +0000,1133,304,279,443,279,104,60,41,690
5f921cf6be7346597a94859798ab594c3510ab99,2026-01-08 16:36:55 +0000,1133,305,279,443,279,104,60,41,690
5da9e47b6213e19d7e9bb78353ac80326407211e,2026-01-08 16:46:05 +0000,1133,306,279,443,279,104,60,41,690
664dbc572c8e613c9c7b72091d8665354d9c59f2,2026-01-08 17:59:42 +0000,1133,306,279,443,279,104,60,42,690
4a3dce92ebd2b97d566c96af237d6da6ddac432b,2026-01-08 18:02:09 +0000,1133,306,280,443,279,104,60,42,690
09a7354e7b86f3e1ce786599990f36c8fd2ddda7,2026-01-09 08:24:46 +0000,1133,307,280,443,279,104,60,42,690
497f5dde1e9f49c6e51ceeb80f5bdc920954df27,2026-01-09 19:59:09 +0000,1133,308,280,443,279,104,60,42,690
56ca7af2bd26fdd5d6149e6f2c0b3c72cb5e2909,2026-01-10 18:13:14 +0000,1133,308,280,444,280,104,60,43,689
83a286f9dd3bc4bfeb6f7eb5f800625181499f47,2026-01-10 21:36:50 +0000,1133,308,281,444,280,104,60,43,689
5c198b840b18e789510981ca6bf528e7f4bb7a90,2026-01-11 01:03:20 +0000,1133,308,281,445,280,105,60,44,688
1324f91d013f00851ca738a70b5ee3e4a1f84f90,2026-01-11 04:29:38 +0000,1133,308,281,446,280,106,60,44,687
1e1f34f4f403ad8b532f2dd76983646d1681e0da,2026-01-11 04:41:52 +0000,1133,308,281,446,280,106,60,45,687
58864b6f34b70ab78db1785911b31bd6fc85cb7d,2026-01-11 14:27:53 +0000,1133,309,281,446,280,106,60,45,687
e85952ec179a6d507cb181bce249f82492d5426e,2026-01-11 16:27:01 +0000,1135,309,281,447,280,107,60,45,688
373763acdf28ae5a17c069861484e5d82c202a5a,2026-01-11 19:19:06 +0000,1135,310,281,447,280,107,60,45,688
1b34803a0358c2dd54854d15988641ed00c624f6,2026-01-11 20:11:29 +0000,1135,310,281,448,281,107,60,46,687
c73f6f9d3ff61f7bfbb466b7cb0d42c420b2765b,2026-01-11 21:46:09 +0000,1135,311,281,448,281,107,60,46,687
b81dda10fd0ab1b2dac81c5e2726f33adb9cf15b,2026-01-11 22:38:13 +0000,1135,311,282,448,281,107,60,46,687
8a9584ca89e918f52f05b933b043f190cf4f2b80,2026-01-12 13:38:43 +0000,1135,312,282,448,281,107,60,46,687
6cc1fec5952aae10af9a2094e1a639fc0febc715,2026-01-12 13:53:53 +0000,1135,313,282,448,281,107,60,46,687
d651e16265a9062771ff61a19548b08845946c40,2026-01-12 14:17:59 +0000,1135,314,282,448,281,107,60,46,687
5e5a224b198256a076cad84e9b06e2c695ee8a6b,2026-01-12 14:27:12 +0000,1135,315,282,448,281,107,60,46,687
5a8dded229c89dd663f011fc8bc82bf223c2103d,2026-01-12 14:41:15 +0000,1135,316,282,448,281,107,60,46,687
eb456012f0a342ec5b1ef1910f3abd97dd46c97b,2026-01-12 16:58:48 +0000,1135,317,282,448,281,107,60,46,687
5174c3288a9d125714dbee41e0f23ed3eca5d785,2026-01-13 03:16:23 +0000,1135,317,282,449,282,107,60,46,686
3241c5bf4af9a8437aceed5af5298deb2aff1d14,2026-01-13 08:01:38 +0000,1135,318,282,449,282,107,60,46,686
c74f2f2a08b159d28229eb7242b7f87b968176aa,2026-01-13 14:07:16 +0000,1135,319,282,449,282,107,60,46,686
95fe645288162962c99c79728a2787d3d5e71861,2026-01-13 20:57:08 +0000,1135,320,282,449,282,107,60,46,686
c91ee136e4ebf00c93f022da71b460665f9dd501,2026-01-14 03:52:25 +0000,1135,320,282,450,282,108,60,46,685
103596212ccb0a96c9539565b38cf093a5c7ef22,2026-01-14 16:03:58 +0000,1135,321,282,450,282,108,60,46,685
8faff969d651bab00d3929c4e06a743842bd1325,2026-01-14 16:10:54 +0000,1135,321,282,450,282,108,60,47,685
30758e791a8677d962443fdacf553af8eaf0fdd4,2026-01-14 16:59:29 +0000,1135,321,282,451,283,108,60,47,684
a9f81b3f036b0c8024a04c014f7df00603836d5c,2026-01-14 17:11:54 +0000,1135,322,282,451,283,108,60,47,684
6dea3bc63a2ac8bd84c38d342a6d785835797ac0,2026-01-14 17:20:54 +0000,1135,322,282,451,282,108,61,47,684
de216a6b54074d981b4ce31a7546f80f12463fd0,2026-01-14 18:02:42 +0000,1135,322,282,451,282,108,61,48,684
b67aafd874c4822b1aeb22a6a84abad01870dff6,2026-01-14 21:37:31 +0000,1135,323,282,451,282,108,61,48,684
41f0a52ca5e2675943312488aaa0bce5b638e66b,2026-01-15 06:32:41 +0000,1135,323,282,451,282,108,61,49,684
71326d966a7d0f8f95e584549b5862acdd201526,2026-01-15 10:13:19 +0000,1135,324,282,451,282,108,61,49,684
d6273d9722ce226e012a746a3dcc9f48913981f1,2026-01-15 18:05:53 +0000,1135,324,283,451,282,108,61,49,684
b280cf9fb7527aecc5b248cc13cb2e887e93da91,2026-01-16 09:32:57 +0000,1135,324,283,452,283,108,61,49,683
1654fd7e1be9d1090cfa75f0a069b9904ebf7da1,2026-01-16 15:37:50 +0000,1135,324,284,452,283,108,61,49,683
cf2bf09d3fbdca8e54343278058a115c8f8c3822,2026-01-16 15:39:35 +0000,1135,324,284,452,283,108,61,50,683
79f48ee6beb2529b0b474e1eb5aff0e375c72d1d,2026-01-16 21:58:54 +0000,1135,324,285,452,283,108,61,50,683
896cb77bb341b38a091fbbdf7ec021e3a166d1f7,2026-01-16 22:13:20 +0000,1135,324,285,452,283,108,61,51,683
8c60f42d9cf2e468273bc3a5b25caff8f8b350ee,2026-01-17 14:54:19 +0000,1135,324,285,455,286,108,61,51,680
c811f1ba6aeefa7e5e0d2f4f0e5c7bf67a17df4b,2026-01-17 16:10:03 +0000,1135,324,285,456,287,108,61,51,679
e61a742645523ee17fa91b78f8e147db70754a1d,2026-01-17 19:19:29 +0000,1135,324,285,456,287,108,61,52,679
b5fda5361747a3b5877f482dc5ef829aecaffe97,2026-01-17 19:37:45 +0000,1135,325,285,456,287,108,61,52,679
1298eb4eb8f2d574774da3e4113c2b64313adaf9,2026-01-17 22:08:30 +0000,1135,326,285,456,287,108,61,52,679
32abf62c974fab21e9c6098e125c48c5d3b8f9d3,2026-01-17 22:09:30 +0000,1135,327,285,456,287,108,61,52,679
30cd3b8c841520b162d8399548e3b6d90f65b25b,2026-01-18 00:40:33 +0000,1135,327,285,457,288,108,61,52,678
75500ff59c982a6b7ab333406ba5494719081bed,2026-01-18 06:49:17 +0000,1135,328,285,457,288,108,61,52,678
ce7a0ff3b5e9b822bf4287d2696dbc37cf071cc4,2026-01-18 12:54:18 +0000,1135,329,285,457,288,108,61,52,678
11192637aaa4a52ad10b149cae612d0587922dc1,2026-01-18 14:11:21 +0000,1135,330,285,457,288,108,61,52,678
cd6fb9a2771fef58d51c0f9e174d6f513b3cce87,2026-01-18 18:31:16 +0000,1135,331,285,457,288,108,61,52,678
307bb231d5f95924e680cf3e76aea0c6469796ba,2026-01-18 18:38:52 +0000,1135,332,285,457,288,108,61,52,678
bf64c328671b1315c5f546a939adab82d432b92f,2026-01-19 02:47:16 +0000,1135,332,285,457,288,108,61,53,678
5dcda7d2fb2d490cae87eda0e14c83b08a7975b5,2026-01-19 16:16:37 +0000,1135,332,285,458,288,109,61,53,677
660dfb841f6ef7ed776586a99c5dacd3717f0c5b,2026-01-19 16:17:11 +0000,1135,332,285,458,288,109,61,54,677
23059a4561332ec18ec157dbba2e9cb5a90c7d3f,2026-01-19 16:19:17 +0000,1135,332,285,458,288,109,61,55,677
54d656ba225b4ad25d80da3ebf92457a7723e41d,2026-01-19 18:53:26 +0000,1135,332,285,458,288,109,61,56,677
7122dbc02656e34b047a02623b10e88f8565aa0a,2026-01-20 07:13:02 +0000,1135,333,285,458,288,109,61,56,677
1534f55c51861c664fe630e366783b51c07df353,2026-01-20 07:52:31 +0000,1135,334,285,458,288,109,61,56,677
c67bc6af27c3507d125ecbfd7cd42104d8049fcf,2026-01-20 08:10:41 +0000,1135,335,285,458,288,109,61,56,677
28ad6bc9b1f34da474d7017c38cddb6ff0741246,2026-01-20 10:25:14 +0000,1135,336,285,458,288,109,61,56,677
4a79c11b20b73f751d670762c24227dd9d5f4f77,2026-01-20 15:10:18 +0000,1135,337,285,458,288,109,61,56,677
2ab1fd8040edb1e6cd5717fa3ecdbe44dd947bba,2026-01-20 19:56:19 +0000,1135,337,285,458,288,109,61,57,677
4e537473da6d484332b4a6a8602e637596239d41,2026-01-21 01:08:36 +0000,1135,337,285,459,289,109,61,57,676
4930ce46db2a007d72d28f1b93e3fd5874cd2e8a,2026-01-21 03:06:04 +0000,1135,337,285,459,289,109,61,58,676
3df086db6fee0f95f89713b6da408f87fc565998,2026-01-21 07:52:56 +0000,1136,337,285,460,290,109,61,58,676
a37efe459450027d63cff7c005595b0be8d04d32,2026-01-21 17:34:44 +0000,1136,337,285,460,290,109,61,59,676
fee6a28e68c4cc6a4b3e63e8b9deb860d7506795,2026-01-21 17:36:06 +0000,1136,337,285,460,290,109,61,60,676
4431b5de9a1f568463c5528e52df884ed5e3004e,2026-01-21 22:40:43 +0000,1136,337,285,461,291,109,61,61,675
130d388488e31e5ba6f55d3cef19e895cd3cb01f,2026-01-22 09:08:16 +0000,1136,338,285,461,291,109,61,61,675
6c879305aff000eeed2c97e00b4c0b2f44eb9034,2026-01-22 09:11:33 +0000,1136,339,285,461,291,109,61,61,675
2612cd94b390a0a381d45f81ff5ee357f5e77fa5,2026-01-22 10:07:15 +0000,1136,340,285,461,291,109,61,61,675
8caa1bccb1b387c638dc7c13fcf7917df253223b,2026-01-22 17:05:49 +0000,1136,341,285,461,291,109,61,61,675
14d4cc0d150e618f2cf854a7e1d80621b80c9499,2026-01-23 15:39:25 +0000,1136,341,285,462,292,109,61,61,674
45e14ea824c3b34b15eeadaaa613917a2befcfcb,2026-01-23 15:44:04 +0000,1136,341,285,463,292,110,61,61,673
124fb0abff1dfbf379edce824862ae55ca3971b7,2026-01-23 15:55:28 +0000,1136,342,285,463,292,110,61,61,673
87e57f458f2b56f9866692719e97f91ea0fcd9fc,2026-01-23 16:16:07 +0000,1136,343,285,463,292,110,61,61,673
da20a6a0bf6d3f526e2b28ed97011924b8ce2b35,2026-01-24 03:34:09 +0000,1177,343,287,467,295,110,62,61,710
a2619d2506587f4d24d0fc32c16a54cf42cdd08c,2026-01-24 18:21:32 +0000,1177,343,288,467,295,110,62,61,710
3c8a04eeb6d58db5e413ae28723935695265e72c,2026-01-24 19:01:57 +0000,1177,344,288,467,295,110,62,61,710
2da9adaf8223ae9e3e8d6046c85cb1047ddfc8ea,2026-01-25 06:22:30 +0000,1177,344,288,468,295,111,62,61,709
b8f3f07d25573ce957a4f14f09385e6320e01b64,2026-01-25 07:52:44 +0000,1177,345,288,468,295,111,62,61,709
e8c982bfaa9dfafeffaae6d8146adc1a35e14bf8,2026-01-25 09:46:58 +0000,1178,345,289,468,295,111,62,61,710
3da7c21a87f055583be6654e7b064fdbe9556add,2026-01-25 14:15:39 +0000,1178,346,289,468,295,111,62,61,710
2c81b96e826b7782d3a0657c48fe7311912af816,2026-01-26 09:10:36 +0000,1178,346,289,469,295,111,63,61,709
c3038b2b1967675491a79a4eb7e860d2282ed0d9,2026-01-26 10:07:03 +0000,1178,347,289,469,295,111,63,61,709
0d2bc0f3fdaba8c187fd268f6d3f6a5c96fcb3d9,2026-01-26 12:59:49 +0000,1178,348,289,469,295,111,63,61,709
e6b6f38933dfadee92a10cf4b6735e638db923e4,2026-01-26 15:53:36 +0000,1178,348,289,470,296,111,63,61,708
fa94183c89c9e97647268486a40a843e34d8b77f,2026-01-26 16:24:32 +0000,1178,348,290,469,295,111,63,61,709
0235759825255f3c5a67faefb12b8f322bc51e94,2026-01-26 16:29:51 +0000,1178,349,290,469,295,111,63,61,709
a07d2233d6fd6008f6bc229a078a213f9b614894,2026-01-26 18:39:59 +0000,1179,349,290,470,296,111,63,61,709
d5e294529a3155d23f79a7aff486f170283ea608,2026-01-26 22:41:51 +0000,1179,350,290,470,296,111,63,61,709
dc21bfd9e3f3ab2cfaeb2694251d1b550e59e2a1,2026-01-27 04:23:41 +0000,1179,350,290,471,296,112,63,61,708
3bb20291a544c446246d7dd31629c53ccd4710a3,2026-01-27 08:04:27 +0000,1179,350,290,472,296,113,63,61,707
6a8a8ee1f93103c0660edceef1ca33c5369b65ff,2026-01-27 15:18:31 +0000,1179,350,290,473,296,114,63,61,706
41d48d41d0e343fc7d28349138a923bc00d9bc6c,2026-01-27 15:46:16 +0000,1179,350,290,473,296,114,63,62,706
9cd65a74f5d76009846babf1f78001242f5a0359,2026-01-27 15:49:01 +0000,1179,350,290,473,296,114,63,63,706
bda48ad75e00e32ab53bbaa8c96dc9e3774447d3,2026-01-28 10:35:45 +0000,1179,351,290,473,296,114,63,63,706
7c5a1acc19dcb9c293dfe2a9c1feef6306f44f78,2026-01-28 16:04:21 +0000,1179,351,290,473,296,114,63,64,706
e51642499822fec17fd2e4ce70a7d069dc910ff7,2026-01-28 20:35:09 +0000,1179,352,290,473,296,114,63,64,706
e964552efd438dfbe5334451e60ae22d2353675d,2026-01-29 16:04:16 +0000,1179,352,290,473,296,114,63,65,706
a23a7dfed85e1ebd94b0c67ee0210207621e1100,2026-01-30 06:02:02 +0000,1179,352,290,474,297,114,63,66,705
678637fae0e5177aaef6ca9cd4ec68d65e7dc968,2026-01-30 16:19:02 +0000,1179,352,290,475,298,114,63,67,704
93d8ca2c4f073571a6a01f10d5e8c2c231180ac1,2026-01-31 15:53:02 +0000,1179,352,290,474,297,114,63,67,705
d6bfb44abaf8154cd7f4f8bb1d4b796ff1a2758f,2026-01-31 15:59:22 +0000,1179,352,290,474,297,114,63,68,705
dbb76a492bc766ad1c222856f9becaa98626ece7,2026-01-31 16:06:27 +0000,1179,352,290,475,298,114,63,68,704
69c07cd0c99519618acf4ab91f31942acd35d7cc,2026-01-31 16:30:44 +0000,1179,352,290,476,298,114,64,68,703
583530cef7008726aca05059464b5ef2c618d811,2026-01-31 16:48:39 +0000,1179,352,290,476,298,114,64,69,703
b1189743a5f30ccec9fbd007f058f89142aff705,2026-02-01 00:20:52 +0000,1179,352,290,476,298,114,64,70,703
219df8327cb2282b195311413ce71c06bb3f6c79,2026-02-01 00:23:11 +0000,1179,352,290,476,298,114,64,71,703
ac9dd5210a2aaa69e252e7c3802ed6f3498ce9a4,2026-02-01 00:23:55 +0000,1179,352,290,476,298,114,64,72,703
493dc416483263ced00b78c54b9b337306b82f6d,2026-02-01 13:15:58 +0000,1179,353,290,476,298,114,64,72,703
877d76aed6372a10f731df882d9c88e546af6119,2026-02-01 13:38:21 +0000,1179,354,290,476,298,114,64,72,703
c42e80e275ba4b6b1d0505286282e6f3ff8ddcd8,2026-02-01 19:48:46 +0000,1179,355,290,476,298,114,64,72,703
d743b2ecbb5ebedf4c78ce800b2c442b251cb07a,2026-02-02 06:03:31 +0000,1179,355,290,479,299,115,65,72,700
ddb801f21c147891d6cb86b5fc89d0fa975ff204,2026-02-02 06:44:08 +0000,1179,356,290,479,299,115,65,72,700
7c1e2d9758a73d69dc8e079426114d9a30254738,2026-02-02 06:45:44 +0000,1179,357,290,479,299,115,65,72,700
87cdf19beeaec4345a7e1c776c3e84bba5a82f70,2026-02-02 08:36:01 +0000,1179,358,290,479,299,115,65,72,700
5cc20adc770c029badecbd2551e1a87b360e3e1a,2026-02-02 16:25:55 +0000,1179,358,290,479,299,115,65,73,700
486ddf3d5e5075f1b0edc5591457da914202df11,2026-02-02 16:29:42 +0000,1179,358,291,479,299,115,65,73,700
d9883e13f082e7162cb3aaf633d069b3bcbb859b,2026-02-02 17:11:51 +0000,1179,358,291,479,299,115,65,75,700
16f09bd7c9463fc4f6f5a9a3b5e1f2d0fde0a491,2026-02-02 17:12:28 +0000,1179,358,291,479,299,115,65,76,700
659dffc34c8e09b7fc442a190cb1be7239c3af68,2026-02-02 17:13:27 +0000,1179,358,292,479,299,115,65,76,700
8ebed910f42b225d3b79db74608f6fb5884fd0e7,2026-02-03 00:24:57 +0000,1179,358,292,479,299,115,65,77,700
6e4745f87f6820ed0bd1497012bfae9c41492e69,2026-02-03 04:23:35 +0000,1179,358,292,479,299,115,65,78,700
f87a71a91a9faa4d934d39c4a9dec884be218f0c,2026-02-03 16:21:25 +0000,1179,359,292,479,299,115,65,78,700
c2407ac4095fe793fb2fd58b6ace7062b3df49ac,2026-02-04 15:51:09 +0000,1179,359,292,479,299,115,65,81,700
44b745f86953a7c33c89b95bb0fcee2c78018651,2026-02-04 18:52:26 +0000,1179,359,292,479,299,115,65,82,700
d6c2123e9a54128f5e5d1b0dcc0a34bd5a54a231,2026-02-05 03:11:14 +0000,1179,359,292,479,299,115,65,83,700
ed391014fa4d9d1df2296f7f56abef11f6d06795,2026-02-05 14:00:02 +0000,1179,360,292,479,299,115,65,83,700
2a42e40b1fc0c3cd04183efe8ba176516e550f82,2026-02-05 18:58:08 +0000,1179,360,292,479,299,115,65,84,700
614c7ee80254c0fd27c74c7b39da72330091ac97,2026-02-05 19:34:56 +0000,1179,360,292,479,299,115,65,85,700
43c707c86091e021482e685a12496bb949c5942d,2026-02-06 04:51:45 +0000,1179,360,292,479,299,115,65,87,700
26db3b479449968149cfcf2002db5d88d0fc30c3,2026-02-06 11:12:50 +0000,1179,361,292,479,299,115,65,87,700
1bc0ec4a464ab522e56bd2ae4a65dbec00ba68c6,2026-02-06 16:06:45 +0000,1179,361,292,479,299,115,65,88,700
d61a8f9ff276faf6fe2f209fb15b9aaa3040e555,2026-02-07 01:54:51 +0000,1179,361,292,479,299,115,65,90,700
f96b65ea1617f4eb17fbcd6a781273b525f71970,2026-02-07 08:36:24 +0000,1179,361,292,480,300,115,65,90,699
c3880af0e723a298f91a4985f3512f4cd0ac6c88,2026-02-07 17:29:29 +0000,1179,361,292,480,300,115,65,91,699
17d9aa10796b645066ef43e7e4f2f637e2b00fa1,2026-02-08 05:17:31 +0000,1179,361,292,480,300,115,65,92,699
fc40f1951ce01170a1b20c86f59e204ec9f4f183,2026-02-08 17:01:48 +0000,1179,361,292,480,300,115,65,93,699
a10c09c7e46137c37d677f972324187053e06a8d,2026-02-08 19:07:53 +0000,1179,361,292,480,300,115,65,94,699
f71b89dcb78c2657e5e5ae2ce012e25d370b949c,2026-02-09 10:02:17 +0000,1179,363,292,480,300,115,65,94,699
ce611fc50e3795df64341f8e5b29e50e9f500118,2026-02-10 19:01:14 +0000,1179,364,292,480,300,115,65,94,699
dd771ba3dd19509b4e40dae0f2b67246d4f7b7a5,2026-02-11 00:52:49 +0000,1179,364,292,480,300,115,65,96,699
7babe0afaf3badc1639aafe4532d32309b66faf4,2026-02-11 08:02:37 +0000,1179,365,292,480,300,115,65,96,699
4ad742a14f09b2ca9d5e9bc1977dd84cd9e0055f,2026-02-11 16:39:00 +0000,1179,365,293,480,300,115,65,96,699
dd9e0df14ce6c23178f29eff4c88b51d7afd654f,2026-02-13 11:55:39 +0000,1179,366,293,480,300,115,65,96,699
10fdaaaa1290562255b6e09cfb8613b8f66b7433,2026-02-13 17:46:58 +0000,1179,367,293,480,300,115,65,96,699
4986e3b112684a75b15503faf4f8d7734e4d9336,2026-02-14 08:52:00 +0000,1179,368,293,480,300,115,65,96,699
42d44439fe366cc9c8e8953d80ad2ddf1cd0557e,2026-02-14 18:21:00 +0000,1179,369,293,480,300,115,65,96,699
2952868413eb2b00268cb2c724774dbc3d319bdc,2026-02-14 18:37:37 +0000,1179,369,293,481,301,115,65,97,698
db51ea6cbfcdc483672b24ec7023393958d3aad9,2026-02-14 18:39:30 +0000,1179,369,293,481,301,115,65,98,698
cb351c7dc11fcf346304d29bcd37c1652b1c95a9,2026-02-15 15:17:52 +0000,1179,370,293,481,301,115,65,98,698
a01c37a9a65f10e555a8380e5344608f967ef9d3,2026-02-16 21:38:40 +0000,1179,370,293,481,301,115,65,99,698
625030922e8258ce75878bdbaa633ce017aab398,2026-02-17 10:42:15 +0000,1179,371,293,481,301,115,65,99,698
83a1e10c87e672cbdf2b15da32631961dcb56fef,2026-02-17 18:58:11 +0000,1179,371,293,481,301,115,65,100,698
0783e43eacfb46886d3a152c80f719afb0c0e056,2026-02-23 01:10:32 +0000,1179,371,293,481,301,115,65,101,698
a3203ec8218cb07f2fa4acd00d343d1530c2caa1,2026-02-23 17:18:04 +0000,1179,371,293,481,301,115,65,102,698
348b41d6914cc1807ef0febb5c8541ecbd58bb42,2026-02-23 22:48:13 +0000,1179,372,293,481,301,115,65,102,698
f3b844fa7fe4ba284408a504194927a99ce76bd7,2026-02-24 20:35:02 +0000,1179,372,293,481,301,115,65,103,698
fa0b21bdcf02551064f815bf1eac68e04732e12d,2026-02-24 20:36:44 +0000,1179,372,293,481,301,115,65,104,698
00e8062b301519ad5ffc493fb45f68e5e9c86e69,2026-02-25 01:33:06 +0000,1179,372,293,481,301,115,65,105,698
e537e8d20bb3f30838946d07edfa906ab397260f,2026-02-25 10:37:41 +0000,1179,373,293,481,301,115,65,105,698
95c07f9d480d7e7840a0c31f7c7cd2e451b1e36d,2026-02-25 13:49:30 +0000,1179,374,293,481,301,115,65,105,698
a4ac653071df167992120ba1b95a4a3a3678e20e,2026-02-25 17:46:04 +0000,1179,374,293,482,301,116,65,106,697
5d58fc7c2fc187c42d736ab8d0bcfd170b13d816,2026-02-25 17:51:01 +0000,1179,374,293,483,301,117,65,108,696
02a003fd58230e50c659be8dd89aa2e2f9379b35,2026-02-25 17:55:56 +0000,1179,374,293,482,301,116,65,107,697
3f8aa3cb49d31f8e352dc0b8da2f72d2c765ddd7,2026-02-26 04:03:22 +0000,1179,374,293,482,301,116,65,108,697
568d3552a9ab29da27fc44013540f9e42006b0ba,2026-02-27 05:07:18 +0000,1179,374,294,482,301,116,65,108,697
d802405e2fa7e3fcdaf47a01cba5dca80e05a508,2026-02-27 16:35:34 +0000,1179,374,294,483,302,116,65,108,696
6437bacef4e90deabd3c93d1881f01327ef61c5e,2026-02-27 23:47:59 +0000,1179,374,294,483,302,116,65,110,696
4211a5e172e642d56533e1697c50369fac9ef93d,2026-03-02 22:49:13 +0000,1179,374,294,483,302,116,65,111,696
32ddd22468d47d823015cf8a9d2e19adb02bef17,2026-03-03 16:05:35 +0000,1179,374,294,483,302,116,65,112,696
ecdcc38d665c27bf30080819f8086fa9ba4d8c4d,2026-03-03 16:06:22 +0000,1179,374,294,483,302,116,65,113,696
394d24d23dc57997733eac2bd21d06bce41f181e,2026-03-05 16:19:11 +0000,1179,374,295,483,302,116,65,113,696
361ca6cbf0f98b47fd5dee5dbe950369c3c1ed5f,2026-03-05 22:33:33 +0000,1179,375,295,483,302,116,65,113,696
ae644b0a82065786e1974e17469955cbceca435c,2026-03-07 05:25:08 +0000,1179,375,295,484,303,116,65,115,695
90d38e95b5869316ddc2e37cfd078e57e9db034c,2026-03-07 05:43:08 +0000,1180,375,295,485,304,116,65,115,695
00a323f8e97b7eb2ef4efe898a0bf960ab822103,2026-03-07 16:12:34 +0000,1180,375,295,486,305,116,65,115,694
235998c02abdea446e7e2f638664ae2281bcd3e8,2026-03-07 16:16:33 +0000,1183,375,295,486,305,116,65,115,697
cf1f3d597f9a039f3dbc0a17634968977da197d6,2026-03-07 20:59:46 +0000,1183,375,295,486,305,116,65,116,697
6f92391219f071696b1fc97fba26741ac1b936cf,2026-03-08 06:55:35 +0000,1183,376,295,486,305,116,65,116,697
aef072436fa4d99a87d5d174b42c79319da7777a,2026-03-08 07:07:07 +0000,1183,377,295,486,305,116,65,116,697
38cd53d2baedabb55dd874ce750b8f26437e784e,2026-03-08 15:26:45 +0000,1183,377,296,486,305,116,65,116,697
0f13dbf2fb9ab834963a3c05b356f09a49e05227,2026-03-09 08:23:13 +0000,1183,378,296,486,305,116,65,116,697
7e8548360440bb6b12a4e5de3786bd6a58ed200b,2026-03-11 03:24:56 +0000,1183,378,296,486,305,116,65,117,697
4833c2dcc074313cfb5253111649e2ec65110bcc,2026-03-12 00:21:12 +0000,1183,378,296,486,305,116,65,118,697
512c76a24cef32d66d1a3554e3c844974bc2ae46,2026-03-12 15:20:34 +0000,1183,379,296,486,305,116,65,118,697
dbf29c9165d946093c81d3553772928b188c15ee,2026-03-15 09:58:28 +0000,1183,380,296,486,305,116,65,118,697
026be08c96fc9c4ff53879a8308c9baa25543f08,2026-03-15 14:24:31 +0000,1183,381,296,486,305,116,65,118,697
71c1a2bec8672e7ae6e60de09c81a00e96e8abb0,2026-03-15 16:46:13 +0000,1183,381,296,486,305,116,65,119,697
a8bb24312f25f66c359808470ecb3aeeccda54e5,2026-03-15 16:46:59 +0000,1183,381,296,486,305,116,65,120,697
6ace846eaf05d99f1651ba8581815ddaf738f85a,2026-03-16 06:38:46 +0000,1183,382,296,486,305,116,65,120,697
19cb6116c2c194240e8f46c973e13a161f7987b2,2026-03-16 09:57:07 +0000,1183,383,296,486,305,116,65,120,697
fa7b17cf112a5cd362e047263b401ecb370d1dc2,2026-03-17 16:57:43 +0000,1183,384,296,486,305,116,65,120,697
3cb75b465d344cab2cbc6eaf3aa0ca2bea9d68fb,2026-03-17 18:20:04 +0000,1183,384,296,487,306,116,65,121,696
e69b54b6229b38def6eb15f636fb98f0a08321b1,2026-03-19 22:16:16 +0000,1183,385,296,487,306,116,65,121,696
cd91711d143184e090e5336e3165be50abfaaaf3,2026-03-19 22:36:12 +0000,1183,386,296,487,306,116,65,121,696
932fe777f6ce01cc59585f8edae99b9353604041,2026-03-27 18:24:25 +0000,1183,386,296,488,307,116,65,122,695
af9ad62e42b571e1ecb30981c2f8ba90cf623a80,2026-03-28 15:26:03 +0000,1183,386,296,489,307,117,65,122,694
e71b626e33c206c679d190866fa29e9f80d9c234,2026-03-29 03:05:26 +0000,1183,386,296,490,307,118,65,122,693
fe437922a708bbd32b7296001618783837e6b2ca,2026-03-31 01:39:50 +0000,1183,386,296,491,307,119,65,123,692
a9391895ffe27783218fe53f7e87830bd6db7384,2026-03-31 16:05:56 +0000,1183,386,296,491,307,119,65,124,692
739ecbbb700896ac189edccc6284a2761037b98c,2026-03-31 17:13:23 +0000,1183,386,296,492,308,119,65,124,691
ace47a8bc81c1718020948a4973b808935ad4162,2026-04-01 16:57:57 +0000,1183,386,296,492,307,119,66,124,691
57a260bd025f099718f819dc5c7e3708c989a41c,2026-04-01 19:48:07 +0000,1183,386,296,493,308,119,66,124,690
282b2db4a9d0ec862babb35e4f84fec2f238ef44,2026-04-01 19:48:54 +0000,1183,386,296,494,309,119,66,124,689
6bf0cbbe9a0917cdfc7e4856a3b3a2f8f8bb6891,2026-04-02 01:08:16 +0000,1183,386,296,494,309,119,66,125,689
7c5e08428459cdcf565b640846af1a90dbc103c4,2026-04-02 15:36:29 +0000,1183,386,296,494,309,119,66,126,689
0563ccbce5c25a808c8515653fde3aee17a2d23c,2026-04-03 11:11:58 +0000,1183,387,296,494,309,119,66,126,689
26e48a83110d20cef060a431a8bc08a880ad8b7b,2026-04-03 14:38:07 +0000,1183,387,296,494,309,119,66,127,689
e6affdd2e9b484157b1629dbe059009ba6ed8a2c,2026-04-03 14:47:57 +0000,1183,387,296,495,310,119,66,127,688
4c7f34398ff864230d5ae44327e7a11c15512715,2026-04-03 17:12:38 +0000,1183,387,296,495,310,118,67,127,688
ba8cc614b78e0d8f4a1b69e539d7facb0b272b3c,2026-04-04 01:59:22 +0000,1183,387,296,495,310,118,67,128,688
567c9e8c977e81bbf317303fb6153a18ff19f4dc,2026-04-04 20:28:47 +0000,1183,388,296,495,310,118,67,128,688
a14f1fb44ed05d80a99ba90b8bbd69074aab6a47,2026-04-05 02:47:30 +0000,1184,388,296,495,310,118,67,128,689
a78cab2bd3cd898a8d5fccb319812a921a42d34d,2026-04-05 02:52:16 +0000,1184,388,296,496,310,118,68,128,688
55d0d2058cd007576e87ff993f6ecd89481a709d,2026-04-05 15:03:58 +0000,1184,388,296,497,310,119,68,128,687
91f52c7c652ec55134c1b88f0bc6de0bd5930b9e,2026-04-07 04:17:42 +0000,1184,388,296,498,310,119,69,128,686
a1afd4fa1a331154c53743d951bde4913df1fcb3,2026-04-07 15:01:54 +0000,1184,388,296,498,310,119,69,130,686
54702f31aa583556b5526cc4795c3446e257d561,2026-04-07 15:02:27 +0000,1184,388,296,498,310,119,69,131,686
4e67dfd9c1ebaa14a0c04ccbb1460b2bd76ae12f,2026-04-08 14:47:13 +0000,1212,388,296,504,310,119,75,131,708
0cd82c44796f68b5eee8484e8b91e30805e5efb5,2026-04-09 14:48:24 +0000,1212,388,296,505,311,119,75,131,707
8dc2f9867cdd64dbc62e3b999fc39ff26eefbbcc,2026-04-09 14:49:22 +0000,1212,388,296,506,311,120,75,131,706
f41883c5488630e14567f3d18cc5d49a313df571,2026-04-09 14:53:21 +0000,1212,388,296,509,311,122,76,131,703
956b75a6fcb73cbb042c8b6c0d293b04c3e9b9df,2026-04-10 06:31:10 +0000,1212,389,296,509,311,122,76,131,703
22d5e6841fb5bfcf8c677bd0b75628c398c51525,2026-04-12 00:21:47 +0000,1212,389,296,509,311,122,76,132,703
9b43136768045f665280c97ca02dbb017b305a91,2026-04-12 00:27:12 +0000,1212,389,296,509,311,122,76,133,703
441b61da497c22fbe4b69b6634482b2ec5fdc2b1,2026-04-13 14:47:49 +0000,1212,389,296,509,311,122,76,134,703
1306b417b18b257931247ec55613207fcd362b53,2026-04-13 14:49:11 +0000,1212,389,296,509,311,122,76,135,703
c5f0c301447c97dd00c51184f4828c9ccb932f94,2026-04-14 15:31:02 +0000,1212,389,296,509,311,122,76,136,703
cd3f3b92d83d73055723df48980335a0343472e2,2026-04-14 15:31:47 +0000,1212,389,296,510,312,122,76,136,702
c519de863228d317ae3311cedaf90e95984f0104,2026-04-14 17:36:58 +0000,1212,389,296,511,313,122,76,136,701
ffdcfd20f7932b99d1cf7b0eccd8221e4c97ebc8,2026-04-15 04:18:46 +0000,1212,389,296,511,313,122,76,137,701
f0122b9e5eb0bcbdb8ee837cda72ebb900393a0e,2026-04-15 07:21:23 +0000,1212,389,296,512,313,122,77,137,700
3e854a4ae38bf4c1ca7756eceb2936c6cb9f4ece,2026-04-15 15:00:36 +0000,1212,389,296,512,313,122,77,138,700
da87c9e095403d9d63431001bc2dd0f3b6dc814a,2026-04-15 15:35:15 +0000,1212,389,296,512,313,123,76,139,700
4569f97ddb8b2a4f5fb9470f4babeaa2bb9939c1,2026-04-15 22:59:54 +0000,1212,390,296,512,313,123,76,139,700
2a37482fd043f18e82037864a71ab39ea0e301ce,2026-04-16 00:28:31 +0000,1212,390,296,512,313,123,76,140,700
5deebb31b696bf74692f3a0378d8cf5fe4091c8d,2026-04-16 07:13:00 +0000,1212,391,296,512,313,123,76,140,700
e79d77ae0b06825088322bb0d83fff3b19bee51b,2026-04-16 09:03:40 +0000,1212,392,296,512,313,123,76,140,700
3fa6ceebcc03040ac08eef78d52190fc91f30082,2026-04-16 12:08:09 +0000,1212,393,296,512,313,123,76,140,700
4f0e4de21fe917d7057bf6f5ca2323bc51dc241d,2026-04-16 16:07:37 +0000,1212,394,296,512,313,123,76,140,700
cb730a262e2d47043f401771a8702d2e8a48ec2d,2026-04-16 16:18:43 +0000,1212,396,296,512,313,123,76,140,700
ec9e7984943c688f41ea05a1ea758b9ce7a66138,2026-04-16 17:09:56 +0000,1212,396,296,512,313,123,76,141,700
aa69a0bfe7d6dd2bfb9cfb260881400d493d366c,2026-04-16 17:45:57 +0000,1212,398,296,512,313,123,76,141,700
4528217a5e46c2b24f8b67e5a9fc3d21a84cae5d,2026-04-16 19:34:32 +0000,1212,399,296,512,313,123,76,141,700
3b205a98aa9b26f203ab544433dcfe794eda2478,2026-04-16 19:59:39 +0000,1212,400,296,512,313,123,76,141,700
57d8af3f8589f3acc253091e6d92714695d4375a,2026-04-16 21:34:50 +0000,1212,401,296,512,313,123,76,141,700
168a929b88cb774939f343152fa4ebe9716821f1,2026-04-17 05:54:58 +0000,1212,401,296,513,313,124,76,141,699
6d2428a7d5141f048af214a1ee7e3011a1f61ea9,2026-04-17 09:03:04 +0000,1212,402,296,512,313,123,76,141,700
b1aea4cca0fd2ae376a1615e95b598f73798d956,2026-04-17 09:06:39 +0000,1212,403,296,512,313,123,76,141,700
fa82db1b9102a3cecd4529bb553b9bb92d0999c3,2026-04-17 12:56:12 +0000,1212,404,296,512,313,123,76,141,700
aaff037f5482ea8bb5b265f6d43eb1f3e811f55f,2026-04-18 15:05:32 +0000,1212,404,296,512,313,123,76,142,700
a001d8efd193bade1633d100d7687519f4729079,2026-04-19 03:28:10 +0000,1212,404,296,512,313,123,76,143,700
47e5f1a212cf12ce5e627a1b1b4f28aa9b6867a8,2026-04-19 16:08:07 +0000,1212,404,296,512,313,123,76,144,700
0e915bf4381c1becd9df6c5717a89e00589fa216,2026-04-19 16:11:22 +0000,1212,404,296,512,313,123,76,145,700
05399d63ee81b9e1a4dddbc6b6b8177fd45fbbfd,2026-04-19 19:40:56 +0000,1212,404,296,512,313,123,76,148,700
d859c6adc96b2dc07f50ba7c6e3f9cc089cfdb89,2026-04-19 22:52:26 +0000,1212,404,296,512,313,123,76,149,700
4229d63cffcaef91451303a84f9149a8b11a1d3f,2026-04-20 03:34:00 +0000,1212,404,296,512,313,123,76,150,700
efa03e77c111c65ddc0a69d1c2f9c511e214fcc5,2026-04-20 03:34:55 +0000,1212,404,296,513,313,123,77,150,699
440baced45347d8f21a5b4bbf4894f9899378f03,2026-04-20 10:20:03 +0000,1212,406,296,513,313,123,77,150,699
9a0f332c9e446107b5b4e6edac0aa9ec417a8521,2026-04-20 21:17:59 +0000,1212,406,296,513,313,123,77,152,699
0fab0e20b745b99093a09efd273841de53070b0a,2026-04-20 23:51:03 +0000,1212,406,296,513,313,123,77,153,699
489859affd4ec00359b7bb454f305f841ad5300b,2026-04-21 18:08:45 +0000,1217,406,296,518,316,125,77,153,699
b8a51cc76494b88c39c7f81702c25d77dd6dc8e1,2026-04-21 23:05:58 +0000,1217,406,296,518,316,125,77,156,699
a032bbd2ef6600b78f346c236de0f4ede134d129,2026-04-22 21:21:44 +0000,1217,406,296,518,316,125,77,157,699
c09d03b38320da133f26334c340cca1149140bef,2026-04-23 15:07:26 +0000,1217,406,296,518,316,125,77,159,699
db886c1ea3fba409a1299a09cfbab51fd5253801,2026-04-23 20:37:05 +0000,1217,406,296,518,316,125,77,160,699
0da574a53cf37db907d302f4df1fc52f2295a573,2026-04-24 15:00:43 +0000,1217,406,296,519,316,125,78,160,698
82510a2137a9d19d839bf5df664804510c76e19f,2026-04-24 15:01:26 +0000,1217,406,296,520,317,125,78,160,697
08262a6b6e932af6851c22b578452cb0e83d6fa4,2026-04-25 07:01:59 +0000,1217,406,296,523,319,126,78,161,694
5cfa24eca05cb6788be3405e4e47b8b6857e2a69,2026-04-25 22:36:15 +0000,1217,406,296,523,319,126,78,162,694
8eb67608b672eed401f4e7ef673be80b68a7899c,2026-04-26 00:15:46 +0000,1217,406,296,524,319,127,78,162,693
2c792638560e60b83e14367b6bae647be57588b0,2026-04-26 21:15:33 +0000,1217,406,296,524,319,127,78,163,693
311c4fbfbcaf3072e860852d0bf7e1ad68779473,2026-04-26 22:41:08 +0000,1217,406,296,524,319,127,78,164,693
f28276ce9da57d2e3e559304a42aed79c8c8909f,2026-04-27 19:48:57 +0000,1217,406,296,524,319,127,78,165,693
86b28a5775345f435261454b29ef9841c774f16c,2026-04-28 16:29:45 +0000,1217,407,296,524,319,127,78,165,693
d0960c0cabb5a899efb021d2af0ddd37b1cf5c9f,2026-04-28 17:42:25 +0000,1217,407,296,524,319,127,78,166,693
b33233a77ddc36f78e877a53f298856e8e4a41dc,2026-04-28 18:55:23 +0000,1217,407,296,525,319,127,79,166,692
ab46a140d05526a65010112c8aa8b9747a689cf1,2026-04-28 22:42:09 +0000,1217,407,296,525,319,127,79,167,692
b2de5c4b114ce03e01cdf43aa00f27ada4566757,2026-05-01 14:04:50 +0000,1217,407,296,526,320,127,79,168,691
e503b7ab70f2101100d84f04ae12c9867a1f3fb7,2026-05-02 08:11:42 +0000,1217,407,296,529,320,127,82,169,688
66525dd2516be9740f52d1ae939ff291faaedeab,2026-05-02 09:35:55 +0000,1217,407,296,530,320,127,83,169,687
1447b2212d9a126c9275159ccdb978396dcb1fb9,2026-05-03 17:41:55 +0000,1217,407,297,530,320,127,83,169,687
c3fd394122a2f3870f83a3eabc6e541de6929df7,2026-05-03 17:47:26 +0000,1217,407,297,530,320,127,83,170,687
74dedd0cbc2bfe9cf07b9c2f56d0defa6f642e9c,2026-05-03 19:10:37 +0000,1217,408,297,530,320,127,83,170,687
2176806b3f20e5d17c1a366678c1e00260dc6cde,2026-05-03 20:11:27 +0000,1217,409,297,530,320,127,83,170,687
4ea762de72774e413804595d13e0fc80c6f1849b,2026-05-04 02:41:29 +0000,1217,409,297,530,320,128,82,170,687
db6090fee1286f77792a942679a0e3d76af35d25,2026-05-04 11:18:47 +0000,1217,410,297,530,320,128,82,170,687
123ea5c1dd67956db53113d02e20f3598dcd7d4d,2026-05-07 17:15:46 +0000,1217,411,297,530,320,128,82,170,687
d4da1217acfd76fe59b4cb6727a75831c3cdb3b3,2026-05-09 00:16:47 +0000,1217,411,297,530,320,128,82,174,687
0756bfa228c3b4af2d736015bcb668a73aff5f03,2026-05-09 08:20:47 +0000,1217,412,297,530,320,128,82,174,687
3993d6a6bdf771559d7b5b851f2607ae73c68a7d,2026-05-09 09:06:18 +0000,1217,413,297,530,320,128,82,174,687
aa20f2e83ad24417aad37553675d647432dc1217,2026-05-10 12:56:23 +0000,1217,413,297,535,320,128,87,174,682
9581a05b9ddbe97a7a2be3559c8796447a0286b0,2026-05-11 00:36:29 +0000,1217,413,298,535,320,128,87,174,682
93372ee6f1ee441761569f581cd0ba44d56fa5f8,2026-05-11 00:40:46 +0000,1217,413,298,535,322,130,83,176,682
e55165b0c1ecaefb03b5ef6f7fd6e27f95d55708,2026-05-11 07:26:31 +0000,1217,414,298,535,322,130,83,176,682
024240e8fea3ffa27a72b805362119972282692d,2026-05-11 07:50:03 +0000,1217,415,298,535,322,130,83,176,682
ffa1eeb25ee8eb38851c61723fef6640384003a1,2026-05-11 12:27:18 +0000,1217,416,298,535,322,130,83,176,682
efde8bb3a8873bdcae90d4e11f239bf5f4ff7254,2026-05-12 05:13:31 +0000,1217,417,298,535,322,130,83,176,682
3c797838999659f790be9626d11f220089ced995,2026-05-12 07:52:42 +0000,1217,417,298,536,322,130,84,176,681
6fa5ca314e62255deafbec5a896451c43ccb83c2,2026-05-13 10:32:35 +0000,1217,418,298,536,322,130,84,176,681
d46d4ebbd130cb3c9e9f6d7ddd068e9103e6c14d,2026-05-13 14:07:13 +0000,1217,419,298,536,322,130,84,176,681
dfcbf8f5121fad90dbf61bbaa72272c0d53bb4d6,2026-05-14 01:18:19 +0000,1217,419,299,538,323,130,85,179,679
edaf43962a93c09acbf3d6d9e62bfcf047ebbbce,2026-05-14 01:23:17 +0000,1217,419,300,538,323,130,85,179,679
cf3a550e7dab7b54127637ceb30b2320248af43e,2026-05-14 01:24:50 +0000,1217,419,304,538,323,130,85,179,679
9c355f0a8c01e87f8ce5d0ab7ac30cc9bb0efab3,2026-05-14 01:25:59 +0000,1217,419,306,538,323,130,85,180,679
d57235aa1e77894b831b06b8a976bf1e9b73a90a,2026-05-15 11:06:35 +0000,1217,420,306,538,323,130,85,180,679
dd358d088276116975e72cb5d3c513122bc09c82,2026-05-16 11:29:30 +0000,1217,420,306,538,323,130,85,182,679
04c95e0ea1ba358e0b55b4c7199e71835880e934,2026-05-16 11:30:04 +0000,1217,420,307,538,323,130,85,182,679
65f8577d797251c5185930cf93da505674e0c8ca,2026-05-16 11:31:27 +0000,1217,420,311,538,323,130,85,182,679
fd620c0e0780566db6d274aee2edf5c4a848c9c7,2026-05-16 11:34:27 +0000,1217,420,311,538,323,130,85,183,679
6c2fff9fe44b539d28c5c67b17782d5ad0ebf08a,2026-05-20 19:05:51 +0000,1217,420,311,539,323,131,85,183,678
6294b04595d539b9cea10d58c81260d49bfd6812,2026-05-21 09:46:07 +0000,1217,421,311,539,323,131,85,183,678
2fc686173486a70ab2eca03e445e488126d78d65,2026-05-21 15:12:01 +0000,1217,422,311,539,323,131,85,183,678
c6b95b9b3f58a5546ca090eb8935b8ef3ba6bfe8,2026-05-21 16:21:59 +0000,1217,423,311,539,323,131,85,183,678
72e2b28d90698cb03388c646052e6cc2a7beddf9,2026-05-21 18:27:59 +0000,1217,424,311,539,323,131,85,183,678
29393fb1128e6684a505dc9345dd75cdd39c4549,2026-05-21 20:58:11 +0000,1217,424,311,540,323,132,85,183,677
b796b2717dadb8faeef167c60bde3c5625c55170,2026-05-23 21:39:08 +0000,1217,425,311,540,323,132,85,183,677
adce1b5821bc938f60abb656df8a78d964f21633,2026-05-25 11:05:50 +0000,1217,426,311,540,323,132,85,183,677
f967f1f740d4a1f15a5ceec5d3ac9594c7227411,2026-05-26 05:49:51 +0000,1217,427,311,540,323,132,85,183,677
14390e7db058b0e596b5d303d1d450d3a505d005,2026-05-26 06:55:17 +0000,1217,428,311,540,323,132,85,183,677
85b00a6c01502e2091894b7aab40b9ad144d2cb4,2026-05-26 10:33:46 +0000,1217,429,311,540,323,132,85,183,677
d093f280f7013173317297e802f6ed768a50d421,2026-05-28 06:54:48 +0000,1217,429,311,540,323,132,85,184,677
6d0ec9c0aaeb3b1830ab66bc2727578eb1978743,2026-05-28 06:55:37 +0000,1217,429,311,542,323,132,87,184,675
5bb1114a219699e03ec3d0ffcf7256a0095cb4b9,2026-05-28 06:59:32 +0000,1217,429,311,543,323,132,88,184,674
c5130472950e7c701c4256c5b3638ec0a7a2d6a5,2026-05-28 12:34:55 +0000,1217,429,311,544,324,132,88,184,673
7e576becea48a6970fbf1eb090972a9ca0efeacc,2026-05-29 15:15:06 +0000,1217,429,311,544,324,132,88,186,673
ce5ee8ea928acc83116c66cd4c424f9079cd3e83,2026-05-29 19:53:19 +0000,1217,429,311,545,324,133,88,186,672
8c46c2348a6ac809b5276764b380786bf87b200b,2026-05-30 14:41:23 +0000,1217,430,311,544,324,132,88,186,673
58aa806e27f195439e9110f2a9de05d3ce2dd981,2026-06-02 08:04:28 +0000,1217,430,311,545,324,132,89,186,672
282a34dbd6ee37388fe78907993ed3aef2d2f063,2026-06-07 12:01:22 +0000,1217,431,311,545,324,132,89,186,672
2c5dcc7324bbf3f54aeef1e4ac713d7bd9e7bacd,2026-06-07 12:13:23 +0000,1217,432,311,545,324,132,89,186,672
f47b9f67828553a662101fd2517afcd10994d261,2026-06-07 13:10:46 +0000,1217,433,311,545,324,132,89,186,672
bac37a1e6ccd1c5882ee3a7e34f1beabb01f55a0,2026-06-07 14:20:34 +0000,1217,434,311,545,324,132,89,186,672
ab89f8dbe0817a911e7857691e927f3f2dfb17cf,2026-06-07 15:08:02 +0000,1217,435,311,545,324,132,89,186,672
2c70d54c8881128ce29ba7b77ee99acb7694489e,2026-06-07 16:31:06 +0000,1217,436,311,545,324,132,89,186,672
9642b54ffc526ff484f394684a7db3ff6f3077b1,2026-06-08 09:08:12 +0000,1217,437,311,545,324,132,89,186,672
8a06f14b591fbf683cf4e527792a7caad8f82f8e,2026-06-08 09:11:41 +0000,1217,438,311,545,324,132,89,186,672
cbefadf57b4e1afe641676458666286e957433ea,2026-06-08 12:54:30 +0000,1217,439,311,545,324,132,89,186,672
a5c362f4480859be2deb9d8c606774759442296c,2026-06-08 20:33:21 +0000,1217,440,311,545,324,132,89,186,672
e5b82e1bca77a81c84cee6bb35e1d6d5167bcf4b,2026-06-10 23:29:36 +0000,1217,440,311,545,324,132,89,190,672
c0af8fcf41652f3919c27c2dc7619ef01c4eb544,2026-06-13 08:42:20 +0000,1217,441,311,545,324,132,89,190,672
47f18cec09de9fe8383f34b9801241c6018d446f,2026-06-15 09:56:23 +0000,1217,442,311,545,324,132,89,190,672
6d0a398278b7392bd936eff8655c6011b1f33244,2026-06-15 11:13:22 +0000,1217,442,311,546,324,132,90,190,671
d7a307e5bedae037520a4a9d836bf7d0fbf2787e,2026-06-15 18:25:47 +0000,1217,443,311,546,324,132,90,190,671
1557b386c360dcc02a7834613b07c3a6d380c0d8,2026-06-15 23:14:46 +0000,1217,443,312,546,324,132,90,190,671
db55151737b08ec5f96157aae088550cd9d7a5e5,2026-06-17 09:57:23 +0000,1217,444,312,546,324,132,90,190,671
d020d2c6f20b23aadf98e988796704173595ba6c,2026-06-20 15:50:37 +0000,1217,446,312,546,324,132,90,190,671
4cd08291edb7c50d35e1d12e8e837394c05df544,2026-06-21 07:26:31 +0000,1217,446,312,547,325,132,90,191,670
4b4b4bfd3e8218222742f34c555f21d81f8c463b,2026-06-21 13:43:44 +0000,1217,447,312,547,325,132,90,191,670
1ba7b35e7897349fbb3c144099e9aab43df7050c,2026-06-21 21:03:00 +0000,1217,448,312,547,325,132,90,191,670
10882767cec4ea1db79e8c353e09509694bfa348,2026-06-21 21:37:51 +0000,1217,449,312,547,325,132,90,191,670
034a085ffac05fb40d51ce878687129abaf4f57b,2026-06-22 07:27:28 +0000,1217,450,312,547,325,132,90,191,670
2f3a66443b4f408e9c9fd8b81da5cec22bcea7e8,2026-06-23 10:14:12 +0000,1217,451,312,547,325,132,90,191,670
ba743ceb7873b4777fc79dc9188915c2691e83a6,2026-06-23 11:23:02 +0000,1217,452,312,547,325,132,90,191,670
bdc49dee10a301db5f92432952320eaaf42c8325,2026-06-24 09:36:55 +0000,1217,453,312,547,325,132,90,191,670
1243048615df8c99cf64dc85bb014ae3ce0554eb,2026-06-24 09:52:48 +0000,1217,454,312,547,325,132,90,191,670
4c26444c529f4f2e68ff808bbc06b37dec91b54e,2026-06-24 09:56:18 +0000,1217,455,312,547,325,132,90,191,670
44c8d89e2afc52175a34ffc6b0f2a6b34aa02faf,2026-06-24 11:10:10 +0000,1217,456,312,547,325,132,90,191,670
74c0390e4ca0af63d84246d8e4cdbd39a0d2afda,2026-06-24 14:49:17 +0000,1217,457,312,547,325,132,90,191,670
8d501b7827185fb75aaed55e56412cb9981bd07f,2026-06-25 07:55:53 +0000,1217,458,312,547,325,132,90,191,670
e0d82d289e84bb68a80bc787f194b5b9b810b43c,2026-06-25 12:30:06 +0000,1217,458,312,547,325,132,90,199,670
0a1db79645266d69b60cad9fb87d798861f75f7b,2026-06-26 06:56:53 +0000,1217,469,312,547,325,132,90,199,670
999cb5c1764be13b636ffe7fe31aeaad57b23f66,2026-06-26 21:34:29 +0000,1217,470,312,547,325,132,90,199,670
8c372b88e56ab270c7e4ea1a07992079cfb584bf,2026-06-29 18:05:57 +0000,1217,472,312,547,325,132,90,199,670
7fcef9dc8cee4bebf9a501ec2cf49565544c09ca,2026-06-29 19:41:19 +0000,1217,473,312,547,325,132,90,199,670
1a6cc45f300d7a2c196c2847ed4e5f0ee4a83f92,2026-07-02 00:51:04 +0000,1217,473,313,547,325,132,90,199,670
87320bcb534bd5a765f0a83b155eb41df37f3a45,2026-07-02 09:36:03 +0000,1217,475,313,547,325,132,90,199,670
501e09f98c4d8203f306a3bac78e210e81dc6dc2,2026-07-02 10:11:37 +0000,1217,481,313,547,325,132,90,199,670
a7109352ba1cd9af0086952c3bc7a217ebf1a774,2026-07-02 10:41:40 +0000,1217,482,313,547,325,132,90,199,670
405c162b5c0ffa14a4f368470b13e46cb81f3894,2026-07-02 11:11:14 +0000,1217,483,313,547,325,132,90,199,670
30a12d6fbceffff91d61f3b26669b929b4cf769f,2026-07-02 11:15:27 +0000,1217,485,313,547,325,132,90,199,670
5fb1a14c9a8e42716cc1857f3b4380bea7ef344a,2026-07-02 13:00:30 +0000,1217,486,313,547,325,132,90,199,670
13ba620e1bf53eea47ed69934d48b373db11142f,2026-07-02 14:43:30 +0000,1217,486,313,549,326,132,91,200,668
f5d154cacd9c0928c9792e04708026f4ea86b255,2026-07-06 06:29:10 +0000,1217,486,313,551,326,132,93,200,666
4e57df76c771ee82a8b8eb1354e24d262ecfd280,2026-07-06 12:53:34 +0000,1217,490,313,551,326,132,93,200,666
eacba6c287c562f7960246f83221c2d4c430da2f,2026-07-06 12:55:00 +0000,1217,496,313,551,326,132,93,200,666
c0ca298ef6cb0f352d0e736e14e32a56241244aa,2026-07-07 21:12:49 +0000,1217,496,314,551,326,132,93,200,666
e5b67c7fa33d8ad1aabcc056b33f22120312d0ae,2026-07-14 16:23:31 +0000,1217,496,314,552,327,132,93,201,665
78997e63dcabff21a3051cb1f4c892a7d99f9067,2026-07-15 08:46:18 +0000,1217,496,314,553,328,132,93,202,664
5aca58abc6712b6412fb7115846a16ece45b0d41,2026-07-16 08:44:12 +0000,1217,496,314,555,328,132,95,202,662
b8a57242debc375d367760dba3eb4011a08eccd5,2026-07-16 19:59:14 +0000,1217,497,314,555,328,132,95,202,662
8cbad719512e130143e8b51cec90b398b006acfa,2026-07-17 12:14:49 +0000,1217,497,314,556,329,132,95,203,661
5db717df9f1255123c4f2d857060a7fa5ac6e61f,2026-07-17 17:07:34 +0000,1217,497,317,556,329,132,95,204,661
cfe07e48557e77e5e0b383538420f8be24671f7f,2026-07-19 06:45:00 +0000,1217,497,317,557,329,132,96,204,660
343b6f0b1da2b8121154e090bf58805466a182fe,2026-07-22 13:10:45 +0000,1217,509,317,557,329,132,96,204,660
79c6f0ac0ab903f663f3029bc0d3bd2b25aeae2e,2026-07-22 21:33:13 +0000,1217,509,317,558,330,132,96,205,659
1e89dca8f5f7ad457d8cd531beb56b00ca2340de,2026-07-25 17:27:05 +0000,1217,509,317,559,330,132,97,205,658
38d97bf8431207fd8bd0595414c5c8645f54477a,2026-07-26 19:08:00 +0000,1217,509,317,559,330,132,97,206,658
a2062b885f39bd1a8a10b03f62da0e749003ace6,2026-07-31 02:28:53 +0000,1217,509,319,559,330,132,97,207,658
15aeed0ac42a4cd1334fdc2c58d63d678f9e2ce6,2026-08-02 22:58:22 +0000,1217,509,320,559,330,132,97,208,658
b2ef703c2785a8902b7acdf7bf245bfb453f919c,2026-08-02 23:07:25 +0000,1217,509,320,559,330,132,97,210,658
6546db9fe7326e1cb6086c6c0e03f25354790f6f,2026-08-03 12:21:49 +0000,1217,511,320,559,330,132,97,210,658
2a489e5fd8e25969e4ea0a337452759dca10eafe,2026-08-03 16:52:19 +0000,1217,521,320,559,330,132,97,210,658
bdbdfc75d04c4f78537347a59be533c364eb0e2f,2026-08-03 18:20:59 +0000,1217,522,320,559,330,132,97,210,658
7cf7062888f3ad7f23e2448fe8e9c7f1902e2c7c,2026-08-03 18:26:11 +0000,1217,532,320,559,330,132,97,210,658
ab3d572ce53c8b143517338c631378682baff666,2026-08-03 20:15:18 +0000,1217,542,320,559,330,132,97,210,658
7e8c4f0743f0fafa0fe83b412a292595076a12bc,2026-08-03 21:04:25 +0000,1217,543,320,559,330,132,97,210,658
7464933cfe793018824310bf947ae9363e70d7bc,2026-08-04 11:33:13 +0000,1217,553,320,559,330,132,97,210,658
01b329fc1261fe6507ea1e7baab7ddce9c514c16,2026-08-04 15:07:46 +0000,1217,561,320,559,330,132,97,210,658
aa3266c87d67281f47ffd591e5673d9f3b06e102,2026-08-04 19:57:38 +0000,1217,571,320,559,330,132,97,210,658
c30d5585806d7fb1b566b337a41d0ccfa024e9d6,2026-08-04 20:07:32 +0000,1217,581,320,559,330,132,97,210,658
0079e9c51811eca535e9df323cac0706e7275584,2026-08-05 07:53:41 +0000,1217,582,320,559,330,132,97,210,658
049f626460176aa0c5ebcd720b33fb10545e0ca4,2026-08-05 10:20:04 +0000,1217,583,320,559,330,132,97,210,658
dd90336cf9b169e42f5de67b5468572ad1fd6c98,2026-08-05 10:29:39 +0000,1217,593,320,559,330,132,97,210,658
db2cf08ffc82f98c6314d8f27865ad11655aed04,2026-08-07 06:48:44 +0000,1217,593,321,559,330,132,97,210,658
6888bbb75ad1c2b1886fcaa38fee712171943336,2026-08-07 07:15:54 +0000,1217,596,321,559,330,132,97,210,658
13622b49fc7de729c6d1ede28c62815e4390f10a,2026-08-07 08:39:54 +0000,1217,599,321,559,330,132,97,210,658
b8478d93365b10d99c441ff9e46512e5ca897e37,2026-08-07 11:52:54 +0000,1217,604,321,559,330,132,97,210,658
af35d7744ce36f4bbc9d1c3f2769be960a092b05,2026-08-08 14:00:27 +0000,1217,605,321,559,330,132,97,210,658
1ee5123cf25299ccbd4f159208185c66dee8dff8,2026-08-09 11:58:49 +0000,1217,606,321,559,330,132,97,210,658
8c33d7b8fd62e63533df8f5e158bd17205750ebf,2026-08-09 21:27:44 +0000,1217,607,321,559,330,132,97,210,658
0a54b81144cf9ad0413c9f726e30bffc1a726a88,2026-08-10 13:33:01 +0000,1217,608,321,559,330,132,97,210,658
2398a073f72d5ea80bc13682520957e730fb67da,2026-08-14 22:12:33 +0000,1217,609,321,559,330,132,97,210,658
