commit,date,total_problems,lean_formalized,oeis_linked,total_solved,proved,disproved,solved,lean_solved
cee85ee5b85bb8ccdbb51647ef3ab7d68a799668,2025-08-31 09:59:02 -0700,2,0,1,1,0,0,1,0
c7623a59c530a573194fe00c82bded702faed2e0,2025-08-31 10:08:27 -0700,3,3,1,1,0,0,1,0
3a01dfb81f0c29e6b8e5ed4b90b828fc9d485915,2025-08-31 10:26:37 -0700,200,3,1,1,0,0,1,0
45180294c209bce170e022a4ba6b72f860f9cf01,2025-08-31 10:44:07 -0700,200,3,1,2,0,0,2,0
3f01a4a6fae496569c2187d237af798bc162a573,2025-08-31 11:33:10 -0700,992,3,1,2,0,0,2,0
879c6665fc25092298745491aa6f7b9c641c12cd,2025-08-31 11:57:24 -0700,992,148,1,2,0,0,2,0
23a8629378d7d11ff3cac90ef254876680f852a6,2025-08-31 12:10:40 -0700,992,148,40,2,0,0,2,0
2a715d6291f6b74cd903ca8f16a761b079b95457,2025-08-31 12:49:49 -0700,992,148,41,355,0,0,355,0
d281c7722b83584c94f2edeae1b22815693bee93,2025-08-31 13:42:53 -0700,992,148,43,355,0,0,355,0
634f5d76110920c9c2cfdd12d6f4c9612f4bf1ef,2025-08-31 14:15:04 -0700,992,148,45,355,0,0,355,0
5abb74e58b0bfabbba46913412165e5a7996d429,2025-08-31 15:49:53 -0700,992,148,48,355,0,0,355,0
009173b2d0933df1e73a6f8e9216c28a01191164,2025-08-31 16:55:32 -0700,992,148,50,355,0,0,355,0
1004f96d498088d384d85a55dca6f1ded600cb67,2025-08-31 17:23:45 -0700,992,148,51,355,0,0,355,0
7e042726a604cc916137ceb1dc01b86f420b23e9,2025-08-31 20:00:17 -0700,992,148,53,355,0,0,355,0
3032dc5a9cf6793c4af5c7ac6b787ed2a02b1258,2025-08-31 21:19:42 -0700,992,148,52,355,0,0,355,0
25f59dddf7d2410c71cd0d528b1828550d01f1d4,2025-09-01 08:30:39 +0200,992,148,53,355,0,0,355,0
49481470b5c0b9054df381f69fdb589c58436838,2025-09-01 08:44:38 +0200,992,152,53,355,0,0,355,0
b1662d5cfa3fe1c797ea3e1e69fc71f68d2aa564,2025-09-01 05:49:45 -0500,992,152,54,355,0,0,355,0
c19748a707a642b0a4549693d3e550687f5fafcc,2025-09-01 06:39:49 -0700,992,152,56,355,0,0,355,0
205439060cd1c66c13acde3f159a2ef6b5ca056c,2025-09-01 09:02:54 -0700,992,152,57,355,0,0,355,0
ebe37973f7dc8d017bfeae0f1dfb6d7789c34438,2025-09-01 09:08:12 -0700,992,152,58,349,232,79,38,2
8d639d6dfd01b21fab48cfe0490f96a35255dabc,2025-09-01 19:50:07 +0200,992,152,60,349,232,79,38,2
3ef5f3ce8cae8815f8be7b0d261c35d8d720bf40,2025-09-01 13:25:35 -0500,992,152,61,349,232,79,38,2
074db2814f92ba78d36c84c585fb53eb18618be1,2025-09-01 21:26:11 +0000,992,155,61,349,232,79,38,2
ea9d5cd6cf8f21c108c5f7914d8178e7e98e8132,2025-09-01 18:31:55 -0700,992,152,62,349,232,79,38,2
3bc2b9c4ae6387d10eee4762106510607f1f6ecb,2025-09-01 18:33:44 -0700,992,155,63,349,232,79,38,2
af9a99289e055e76450c46f93e55fc3b8c27547d,2025-09-01 21:51:35 -0700,992,155,64,349,232,79,38,2
ad3bde05cfc4c61c3f982bbc87da054d512a0869,2025-09-01 21:57:04 -0700,992,155,65,349,232,79,38,2
ee36de8617f35172c1372d4bc061ff06cce4a0e5,2025-09-02 05:46:08 +0000,992,156,65,349,232,79,38,2
49a2a3fec248b80bdc736514a351c1bb9a73a5a3,2025-09-02 06:15:39 +0000,992,157,65,349,232,79,38,2
f4b70f9a719e79741f6f31824a594ec93bfa70ca,2025-09-02 13:10:40 +0200,992,157,66,349,232,79,38,2
8017cb6a7daa486be9f58cc02d95dbb652ce7a30,2025-09-02 09:41:27 -0500,992,157,67,349,232,79,38,3
a5c24a5cd97645ac5f942177062fccdd111082d0,2025-09-02 07:50:01 -0700,992,157,70,349,232,79,38,3
89c3a9c977fd40de74c0ea18d30ff258af053ff3,2025-09-02 08:04:29 -0700,992,157,74,349,232,79,38,3
9991a19525618e0cdcc86ddf6c6e40f8c3bb979c,2025-09-02 08:08:05 -0700,992,157,75,349,232,79,38,3
3e73191b105c97e1d40eaebb1cad2bc01ff60e7a,2025-09-02 08:12:18 -0700,992,157,76,349,232,79,38,3
d7344eaa150c4823316e6f5816cc6be746d720f2,2025-09-02 08:17:29 -0700,992,157,77,349,232,79,38,3
2150c7586deddb7f40339063816ff4e06c21e5cf,2025-09-02 10:31:36 -0500,992,157,78,349,232,79,38,3
27bba65eb949e8de93d6b111b37901302de851fa,2025-09-02 09:06:17 -0700,992,157,77,350,233,79,38,3
46ec48a70a6452f68ed978f7616fc2cfe8cca309,2025-09-02 11:39:31 -0500,992,157,79,350,233,79,38,3
5565504607ead02daf4e328c17426b6cf4cded2f,2025-09-02 19:02:28 +0200,992,157,80,350,233,79,38,3
21bd9a11324fd6569c4cf8d60b5a12886f73f092,2025-09-02 19:11:54 +0200,992,157,81,350,233,79,38,3
7380967fad1314f8891a232ba3d3e9ad56b06732,2025-09-02 10:31:05 -0700,992,157,84,350,233,79,38,3
354a043fb919805cbb2cadba3c18ccd6086252ae,2025-09-02 14:18:14 -0400,992,157,88,350,233,79,38,3
09f20a384b3e4a15116d26c9463e8ce886bdfc0b,2025-09-02 14:20:35 -0400,992,157,85,350,233,79,38,3
92e9e6d6dcbccf4debf56715513d60adfd1697af,2025-09-02 14:45:17 -0400,992,157,90,350,233,79,38,3
0062f8432584821a370f94257f8437586e1f3b36,2025-09-02 14:55:20 -0400,992,157,91,350,233,79,38,3
75997fc6d3994b30c4a295e2d1f489aff425e949,2025-09-02 14:59:19 -0400,992,157,92,350,233,79,38,3
d28b5cea429c01e89593aa57e4aeac30b7512eb4,2025-09-02 15:54:21 -0400,992,157,94,350,233,79,38,3
f1606d81849057634a8197596f00ebc048320206,2025-09-02 15:32:15 -0700,992,157,94,351,233,80,38,3
5f71d175da547aeb4dc31b091d377b802b050c4b,2025-09-03 10:50:40 -0400,992,157,94,352,234,80,38,3
aa3413387650e743bfc95625528c0e560288fac3,2025-09-03 08:09:59 -0700,992,157,94,351,233,80,38,3
164206305e8fac9405aca06f9ca7da39c175190e,2025-09-03 08:43:40 -0700,992,157,94,352,234,80,38,3
49f29a44316b85f2e2b811f457b27bf9b0678fd5,2025-09-03 15:45:35 +0000,992,158,94,352,234,80,38,3
d9797c64c0c0fcafaea725a565b764ede04335b8,2025-09-03 08:56:53 -0700,992,157,95,352,234,80,38,3
310fb9f8a0b110f1cd701f284ad30e890a80abe8,2025-09-03 10:31:36 -0700,992,158,99,352,234,80,38,3
890753abbdd3737be0e060a1a7510963e0e2854b,2025-09-03 10:35:43 -0700,992,158,100,352,234,80,38,3
7f71ac06f4495457bf01d413151c580f31de5f83,2025-09-03 14:04:42 -0400,992,157,95,352,234,80,38,3
62eaea70005b21f3a7c31aa6b3e831234b7ceabe,2025-09-03 12:22:00 -0700,992,158,101,352,234,80,38,3
8302eee9f683f46e335a6a2fcda02030db323d25,2025-09-03 16:18:59 -0400,992,158,103,352,234,80,38,3
f1c3fe7c830ac6c6ac6485fdba7fa2af656405f4,2025-09-03 14:25:29 -0700,992,158,104,352,234,80,38,3
92a60e15458412f2d4b17f5e5f437e017ead160c,2025-09-03 22:40:56 -0700,992,158,105,352,234,80,38,3
d535182bbe1091d9b2dffe37cab00519a2572035,2025-09-03 22:55:53 -0700,992,158,106,352,234,80,38,3
56ac85ad99c9d17e760e1e492fe8d23cb867b52d,2025-09-04 00:06:39 -0700,992,158,107,352,234,80,38,3
c51b13b5e2fec4a7d3d0bff331523ea22e0c027b,2025-09-04 07:43:31 +0000,992,159,107,352,234,80,38,3
22998d7dcdda6b2ca2f590452eb6fbbdb1fc8af2,2025-09-04 09:23:56 +0000,992,160,107,352,234,80,38,3
69a7d48201f07835253c4b784554af10b9e27849,2025-09-04 08:39:05 -0500,992,160,108,352,234,80,38,3
81ef4fbe007f0236a0c230a82eef5c2902178df2,2025-09-04 08:55:23 -0700,992,160,109,352,234,80,38,3
04d205ae7c77d52763e76f2ca582bc696c8c97fe,2025-09-04 09:50:59 -0700,992,160,110,352,234,80,38,3
17742f0121470518fdf8b6b65ce1e1d738d8950b,2025-09-04 09:57:07 -0700,992,160,111,352,234,80,38,3
7bb320210f59c623e45a16ab79c6998ac2917217,2025-09-04 10:34:40 -0700,992,160,112,352,234,80,38,3
cfe9674e63a45b43f4b1e5a66f619ee4024aaebd,2025-09-04 12:42:00 -0700,992,160,113,352,234,80,38,3
a15217a5c0d37e777a227b52c1a1c9ada16d5009,2025-09-04 12:45:09 -0700,992,160,114,352,234,80,38,3
cc68624ed27bc5576617bc4b03e4e37dc5904492,2025-09-04 14:53:13 -0700,992,160,113,352,234,80,38,3
2a2491027069f2d21e9f40beb19e692b564b44b2,2025-09-04 15:29:40 -0700,992,160,114,352,234,80,38,3
0ff23a63c62f28242ea77a9bdbf36aa2966ac76b,2025-09-04 15:34:09 -0700,992,160,113,352,234,80,38,3
91dedcc18a2ee756998111232a392ef736ea1aa2,2025-09-04 15:39:31 -0700,992,160,116,352,234,80,38,3
30d0fad59e5d80c6ffd5ee2a2935992dd623dda6,2025-09-05 13:44:53 +0000,992,161,116,352,234,80,38,3
c7bd770eeaf3cb3cb01e81c3366cb6c29bb792b3,2025-09-05 14:16:45 +0000,992,162,116,352,234,80,38,3
ded7f299e5a3997fc7c1d0bd7602061eabcecb3e,2025-09-05 18:21:27 +0000,992,163,116,352,234,80,38,3
38e893e7c489fefd7d00b8e3117c16ebad888ff3,2025-09-05 18:26:45 +0000,992,164,116,352,234,80,38,3
8d761dbe57cebe07fa9e47eba64e8b724d5425a4,2025-09-06 17:54:37 -0700,992,157,94,350,233,79,38,3
bbd51cbbaa79bca740c1832b38dddb7461de7f78,2025-09-06 22:26:35 -0700,992,160,117,352,234,80,38,3
ce0dd010b8ebaa171c4c3b55223f26310619a9f9,2025-09-07 08:48:20 +0100,993,164,118,352,234,80,38,3
04b80390c9a4b455bcc2cf68bbbe99cec5077d19,2025-09-07 08:45:10 +0000,993,165,118,352,234,80,38,3
6ca6091b2e609d9e62f11559f3d1536ff3544a1d,2025-09-07 10:05:40 -0700,993,165,118,353,235,80,38,3
254e893dadbee2284ec0b3403e097cfc398df4b0,2025-09-07 21:35:04 +0100,1002,165,118,357,237,81,39,3
42572e578da7e163d0a26411bf2573a4c242bde5,2025-09-07 15:44:55 -0700,1002,165,119,357,237,81,39,3
d557c3bd0321186dc4e8e8845bd18af788f3c134,2025-09-07 20:22:48 -0700,1002,165,120,357,237,81,39,3
83a6501e5182dcec96ee26a284d058840803c65e,2025-09-08 09:16:58 -0400,992,157,94,350,233,79,38,3
415107319f9406a5b1d47bd69d67119cdbb9d5ea,2025-09-08 14:55:31 +0100,1004,165,121,357,237,81,39,3
52eda95f5e0fe0cbfecd2ff2455bb0104dc95bb2,2025-09-08 14:31:27 -0700,1004,165,122,358,238,81,39,3
e55db70c018012829581d7b88bf196b0c3c980e9,2025-09-09 08:46:28 -0500,1004,165,123,358,238,81,39,3
3852af9f47d110fe912c174d4a034f7f5c458112,2025-09-09 07:56:00 -0700,1004,165,122,358,238,81,39,3
8d05da36de79a439c7c536fad02df683a5913d29,2025-09-09 10:03:29 -0700,1004,165,124,358,238,81,39,3
bc6647f122131d4b37af84aeec223d663ed4fc2c,2025-09-09 10:18:02 -0700,1004,165,125,358,238,81,39,3
6da3d1a1600f4699c425a877815a1a2a3c620a68,2025-09-09 15:31:01 -0700,1007,165,125,359,238,81,40,3
de6be51a0fd82d289cf1b48698358d70d0aa3dc8,2025-09-09 20:06:07 -0400,1007,165,126,359,238,81,40,3
8b19ef8e0fd2eb42d05ddc1ebc4dbdd54705a238,2025-09-09 20:05:44 -0700,1007,165,127,359,238,81,40,3
fb84aacec4c65c0f65bffb9f8994968993ad0d22,2025-09-09 20:15:34 -0700,1007,165,128,359,238,81,40,3
47a71d930b5d70c88629bc67af4ad7fa5f014c15,2025-09-09 20:20:38 -0700,1007,165,129,359,238,81,40,3
100d888c00ef0145d1e51da4640d47bebd94cd5c,2025-09-09 23:06:19 -0700,1007,165,131,359,238,81,40,3
c45a7f7be89f7c1b980c590cd71373324d3cb55c,2025-09-09 23:15:55 -0700,1007,165,130,359,238,81,40,3
d40b0473f982ba9e2a42981b9499d586e30168b7,2025-09-10 08:54:28 +0100,1016,165,130,361,239,81,41,3
2b07da33cc5eb6c4b469d45681a60f70ed201db3,2025-09-10 09:20:32 +0100,1016,165,131,361,239,81,41,3
1743c9c117e22f5da61d76908a8df089bbd2dc8d,2025-09-10 10:48:30 +0200,1016,165,132,361,239,81,41,3
47658c511f3fda53f69086f9aa87f26432fa03d5,2025-09-10 13:34:50 +0200,1016,165,136,361,239,81,41,3
12f9856ad89f1ae21085bebbb85cf1af49273b31,2025-09-10 13:56:42 +0200,1016,165,138,361,239,81,41,3
d7187e2addf3c3b42de67ad6571c9735ac5cd87f,2025-09-10 10:30:06 -0500,1016,165,141,361,239,81,41,3
d7c80263fd3b9f00a5356731c3f4d6e5fb045dd4,2025-09-10 18:14:24 +0100,1016,165,139,361,239,81,41,3
7f17ab6d50df1ad7d1d5a13026ffdbe09837aca3,2025-09-10 19:46:58 -0400,1016,165,142,361,239,81,41,3
f2380e1bef128c3ff636cb373f8a4eaa58dc8614,2025-09-10 22:31:52 -0700,1016,165,145,361,239,81,41,3
37e5047c7b3b38f891ed1e432ed63340dce6ecbd,2025-09-11 10:46:03 +0200,1016,165,143,361,239,81,41,3
30c9b7acc0e0279de2f9aa5a7c36b76a96bf3d3c,2025-09-11 15:09:13 -0400,1016,165,146,361,239,81,41,3
c6e76c9aba584570e77629096a0bd9ffa8692ea8,2025-09-11 15:05:11 -0700,1016,165,147,361,239,81,41,3
23be3cecaf65d3c6ddaf774324a7602454a74996,2025-09-12 09:38:16 +0100,1016,165,140,361,239,81,41,3
53df7c3159f76d1b2b06583b0db8b49059226081,2025-09-12 08:09:37 -0400,1024,165,147,363,240,81,42,3
047e6cf218f83b7ce170441738e7cf751c1a8e45,2025-09-12 08:20:27 -0400,1028,165,147,365,240,81,44,3
1c8e96dc2b9c1a80aafbc98127bae2ff064c44a2,2025-09-12 20:32:56 -0700,1028,165,150,365,240,81,44,3
a5022931f9c69e1d6637d6e9692af094369c2fea,2025-09-13 18:58:26 -0700,1037,165,150,367,243,81,43,3
0d4d30b0b8f6d005875d84873cf16d20c6d3fdfd,2025-09-13 21:56:08 -0700,1037,165,151,367,243,81,43,3
999a5a813f63f5f5484a0bf6303f096880ddf87c,2025-09-14 00:17:33 -0700,1037,165,154,367,243,81,43,3
4025806f1b63d8b4967ebb3568b10300f69d0f1b,2025-09-14 15:44:15 +0200,1037,165,151,367,243,81,43,3
d4c0486e6ebbd19465e1d08eb5cb2bfc81379232,2025-09-14 09:54:56 -0400,1037,165,151,368,244,81,43,3
c30c8ea928809821c65dc161b91c227b1771a14b,2025-09-15 12:55:52 -0400,1037,165,150,368,243,82,43,3
7b5a6c3d60278940a09db44e6af464c8f3a82c69,2025-09-15 19:37:58 -0400,1048,165,154,373,245,85,43,3
424577b87b2c8ea3cc97f08eaa6c30161be77200,2025-09-15 19:52:52 -0700,1048,165,157,373,245,85,43,3
085d11c14d6fced142c29bf458672c238ec74eff,2025-09-16 08:26:02 +0000,1048,166,154,373,245,85,43,3
b42ddd8158e1c75b8fd9f25edb9931f7e08cac74,2025-09-16 16:50:31 -0400,1048,166,157,373,245,85,43,3
2307dbecd788b72d4fa42d3406de48a7fae8cab2,2025-09-16 16:59:21 -0400,1048,166,157,374,246,85,43,3
09aee24e67c1617556ce4d4da10210cb43d486ca,2025-09-18 07:16:47 +0000,1048,167,157,374,246,85,43,3
6e50651458ee6482c4abfec2a90a6bd5c45fc419,2025-09-18 15:37:57 +0000,1048,168,157,374,246,85,43,3
0a83d89ea1828cb3188ca31e870142bc4248a5e0,2025-09-20 05:28:20 -0700,1048,168,158,374,246,85,43,3
c2c9dccc59b7166243e418ae57de189ba7506774,2025-09-20 16:27:45 +0100,1048,168,159,374,246,85,43,3
94aee77079908cac94adb9733db0b3a073d4849a,2025-09-21 12:46:16 -0700,1048,168,160,374,246,85,43,3
000ec9ac54d21171157eee6d1ede7e8a0ce02640,2025-09-22 07:29:24 -0700,1048,168,160,375,246,86,43,3
7e00a1243eafbaa298fe3c5930f67fe78b583740,2025-09-22 10:58:28 -0700,1048,168,161,375,246,86,43,3
3ec97a614763550915058a2a927df4b4c124abe3,2025-09-22 11:43:57 -0700,1048,168,160,374,246,85,43,3
b6306c67f5a012642e5267d3e755635c4876121c,2025-09-23 07:38:47 -0700,1048,168,163,375,246,86,43,3
e673d2065e9a5f0f51e5cbbb69078193267bbb35,2025-09-23 17:45:37 +0000,1048,169,163,375,246,86,43,3
7c7682db370de3c3cba0361d40adfda89afda397,2025-09-24 09:19:30 +0000,1048,170,163,375,246,86,43,3
7436f1c9e1b59e3b5e13f7d82a47f4ea0fafd29a,2025-09-24 02:45:31 -0700,1048,170,164,375,246,86,43,3
2bf1255a1a73c0ba4a622e044a136f9175cb9342,2025-09-24 12:55:37 -0700,1048,170,165,375,246,86,43,3
b9b265c89c821332099aef738c1e9936189301f8,2025-09-25 07:11:53 +0000,1048,171,165,375,246,86,43,3
72af3f93c948a2abfb4f55f3d11f9cc2ed5d8624,2025-09-25 07:29:00 +0000,1048,172,165,375,246,86,43,3
7cf6305ad84d6305ab3cc3491b2644bb243e8d0e,2025-09-25 07:30:06 +0000,1048,173,165,375,246,86,43,3
8b1971c0fa93260f56aa4ad12d5cdb5be5b0544e,2025-09-25 15:14:58 +0000,1048,174,165,375,246,86,43,3
f2a58fd21f2662e44843b1a22abafaa884bd52cd,2025-09-25 20:27:24 +0000,1048,175,165,375,246,86,43,3
45c9f9f22ca6b385ce86c6609583f0d8ea7f61c9,2025-09-26 00:16:38 -0700,1048,175,172,375,246,86,43,3
ad665d8aab0e70a4825fdabdbcf93ad631ed9478,2025-09-26 08:19:51 -0700,1048,175,173,375,246,86,43,3
580dd353879482b010ef7f155a4272b5416f5ea1,2025-09-26 18:41:38 -0700,1048,175,174,375,246,86,43,3
ae30b29738c5983cc492cf853a3713ed06c3d8ac,2025-09-26 18:53:42 -0700,1048,175,175,375,246,86,43,3
e96dd161208852b3cb5e68ab73e1ae34c9aa8d01,2025-09-28 09:44:07 -0700,1048,175,175,376,246,87,43,3
92deaf20d596071b48c13041942e3fda7b9e4c03,2025-09-28 09:56:41 -0700,1062,175,179,377,247,87,43,3
61e1eceedf050f76f6220b30a61357d42ef5d4ae,2025-09-28 18:20:56 +0100,1062,175,180,377,247,87,43,3
573eda210715066340a9f9d0c1a1809dff054060,2025-09-28 18:24:32 +0100,1062,175,181,377,247,87,43,3
fa878c8d1013840731d1e348778aaf1451b5f796,2025-09-28 18:29:08 +0100,1062,175,182,377,247,87,43,3
032d23400573161335cc42a3dfe774339212aa4a,2025-09-28 11:55:23 -0700,1062,175,182,378,248,87,43,3
80997e1aca9ed789f3d2b3a245f50e71b0cec856,2025-09-28 12:19:50 -0700,1062,175,183,378,248,87,43,3
c4d3cb979c0f6a0bcbc451993d88bfcf2d6b6120,2025-09-28 13:11:34 -0700,1062,175,184,378,248,87,43,3
d07b38bfbaabbf306de8021a5459d6b927632d4c,2025-09-29 10:29:34 +0000,1062,176,184,378,248,87,43,3
0b857ebc8c724be4d0106f825b6b203a2a1ffcea,2025-09-29 10:48:57 -0400,1062,176,185,378,248,87,43,3
a6a7ffc821f4402327655481f7e5b6b88707b59c,2025-09-29 17:14:30 +0000,1062,177,185,378,248,87,43,3
32a5f23f5e7853212770b95cc248e865180c9873,2025-09-29 19:34:02 -0700,1062,177,185,379,249,87,43,3
6da7146ee659342de91afdb5c0fb1ead663504d4,2025-09-30 11:49:55 +0000,1062,178,185,379,249,87,43,3
fb1b68d1c06e5e8c648e568be21ba023eaefd8d7,2025-10-01 10:01:29 -0700,1062,178,186,379,249,87,43,3
feabf0ca8d96d182f4d07421d5d98f39b8c261c6,2025-10-01 11:29:05 -0700,1048,174,165,374,246,86,42,3
789059dd25b931831980743a8cf8ce6980c83bb2,2025-10-01 11:33:23 -0700,1068,178,185,378,249,87,42,3
7a268d187f92aea972950bb2965f6d182a08b199,2025-10-01 23:25:34 +0300,1068,178,186,378,249,87,42,3
d38d34090bbe4f39942eefed8f23ad1b8ccefe4e,2025-10-01 22:42:38 -0700,1068,178,186,382,253,87,42,3
23c52a88af62b6f90f2202a2f18ae8530d6187a4,2025-10-02 06:49:49 +0000,1068,179,186,382,253,87,42,3
c7a214e5009e34515639e25bf0bad29d06025ee9,2025-10-02 15:37:07 -0700,1068,179,187,382,253,87,42,3
a9e7825828b2bcf4e7ee88e8a9ba697a297a90ce,2025-10-03 14:09:08 +0000,1068,180,187,382,253,87,42,3
7606a6d951d668c23c78febb6bbf1fc6d0adcf2e,2025-10-03 14:31:45 +0000,1068,181,187,382,253,87,42,3
4450445556f0ce2d19d8b6cd463dc9085b911d63,2025-10-03 22:10:04 -0500,1068,181,188,382,253,87,42,3
daf84e24a09cd42d708d56b3780d744c3d4f8494,2025-10-05 15:00:23 +0100,1076,181,190,383,253,87,43,3
39df8e67ce106ceea4a810a371495020ee0f43b6,2025-10-06 10:01:54 +0000,1076,182,190,383,253,87,43,3
8cd728275431b8bedc2839ad56c7bf8be81e9afe,2025-10-06 10:04:56 +0000,1076,183,190,383,253,87,43,3
07e052d5a78f39d90d5d22063b607c053f69e615,2025-10-06 21:13:00 -0500,1076,183,191,383,253,87,43,3
f959cd92a76d12943115a3226bc1f1f358dd7013,2025-10-06 21:43:38 -0700,1076,183,196,383,253,87,43,3
c70bc9926bb3a84c25751efa46ef6447ce39eb3b,2025-10-06 23:25:35 -0700,1080,183,196,384,254,87,43,3
0fbd7f670f69080b3eac88aa7bf2eb517b3ecbe9,2025-10-07 04:25:59 -0500,1080,183,197,384,254,87,43,3
e2aec621f6bd38bbbbc8d8a8ddb0d2593bda7947,2025-10-07 18:06:58 -0700,1080,183,198,384,254,87,43,3
ab4fbf0331046324b787a9d3a96588571b18ecb6,2025-10-07 22:52:14 -0500,1080,183,201,384,254,87,43,3
fc8bc0cd80d12a8be44021d5dc8229580f139bc5,2025-10-07 23:44:29 -0500,1080,183,202,384,254,87,43,3
0a8937b83e64b0859b1361c64fed1dffcb643ec8,2025-10-08 21:25:00 -0500,1080,183,204,384,254,87,43,3
c23d5b017165229520a248ff77e4a3b53cfb4611,2025-10-08 21:40:40 -0500,1080,183,203,384,254,87,43,3
69e8e85576ffea7f637fc83c575d6a6c37e04d68,2025-10-08 23:43:12 -0500,1080,183,204,384,254,87,43,3
7a8522bd0e4875c86bcae1259353c3d6e7449aaa,2025-10-10 08:31:02 +0000,1080,184,206,384,254,87,43,3
70d15486788abb55289bf542ea0326d6d43289d0,2025-10-10 22:22:20 -0700,1080,184,207,384,254,87,43,3
36c933b2c25f90bcb5c86efa394db83be8c1a82b,2025-10-11 11:02:32 +0000,1080,185,207,384,254,87,43,3
41587bab868b51cd6822fcc0ea11a55dc1f2e6ad,2025-10-11 08:20:11 -0700,1080,185,207,385,254,88,43,3
a384c7ab9e3279e2b928eff3523349b9df972958,2025-10-11 17:10:05 -0700,1080,185,208,385,254,88,43,3
1b1ac6b8d4e240e08c35e4102bc709cae363efa0,2025-10-12 03:49:18 -0400,1080,185,210,385,254,88,43,3
97e779a664d49b209450ec639bb87fdae3963e67,2025-10-12 08:46:02 -0700,1080,185,211,385,254,88,43,3
f9502bad032dce9a572f1824923e5d0336a5606b,2025-10-12 08:56:22 -0700,1080,185,211,387,255,89,43,3
cede208e3b5c2123497641c962cc3fc1e2b32a48,2025-10-12 11:52:33 -0700,1080,185,212,387,255,89,43,3
bc6f5678e936e0b8153422b33554a2a53f05c0a3,2025-10-13 13:01:57 +0000,1080,186,211,387,255,89,43,3
b99ca5a2f377a542531ecf10781aced4933869d4,2025-10-13 14:01:40 +0000,1080,187,211,387,255,89,43,3
076b014ceb40e4eacee15ef0de68e783ce31d1c1,2025-10-14 10:43:47 +0300,1080,187,213,387,255,89,43,3
98cc54d66577ff4cf346a4cecaa83c6aaab83861,2025-10-14 09:47:03 +0000,1080,188,212,387,255,89,43,3
cefb34827790a75af729c7d16c53d6c44ec51c0a,2025-10-14 14:29:20 +0000,1080,189,212,387,255,89,43,3
2b5bce4617fa80d369561d37049ba24b07dae0c2,2025-10-14 08:22:22 -0700,1081,189,213,394,255,90,49,3
0109c727e81132872d34305db72bbeef8487f1e5,2025-10-14 08:25:59 -0700,1081,189,213,394,259,90,45,3
a11e6447f5d8bc06818a87a6af3bfa3d5f449c84,2025-10-14 23:02:36 -0500,1081,189,214,394,259,90,45,3
967f06de2c0fcbe7e60d7420be44ac9e454d5adb,2025-10-15 12:00:18 +0000,1081,190,213,394,259,90,45,3
93325cca3a337588d52c5b024865e34735dabe5f,2025-10-15 19:36:09 -0700,1081,190,215,394,259,90,45,3
599fec08cb857536d04f0122ca50fa797973f7bb,2025-10-16 12:07:47 +0000,1081,191,215,394,259,90,45,3
6c63c40c8e659485c9cb44269265c3cba649f4d4,2025-10-17 11:27:15 +0300,1081,191,216,394,259,90,45,3
ca26cc7bd6889f2c7239eb610261ebe105a8c650,2025-10-17 11:49:28 +0000,1081,192,215,394,259,90,45,3
ebb47603b6d0974ab8e1821feeb75f6105bdeb5c,2025-10-17 15:22:42 +0000,1081,193,218,394,259,90,45,3
70fa3a4bb955f9507f21d8cac4722c292f0166b1,2025-10-17 10:05:48 -0700,1090,193,218,394,259,90,45,3
957a4eba5fadf908f34743528a7027f63315f940,2025-10-17 20:41:06 -0700,1092,193,218,394,259,90,45,3
6247df4a48cf146c037bdc778746bb45fa6cecc0,2025-10-17 20:42:37 -0700,1092,193,218,395,259,91,45,3
b5ee0d2d4cc66aec85cb2fe5b260019b4e327fbd,2025-10-18 02:09:01 -0400,1092,193,219,395,259,91,45,3
fa91ac600d56b796089704946f18d4431e3fc561,2025-10-18 07:50:37 -0700,1098,193,222,396,260,91,45,3
3e46dac522bad8f8a043f34380bf7a879bcbea2a,2025-10-18 09:46:09 -0700,1098,193,223,396,260,91,45,3
01ab6287f8c1742c01e50a2637fdcaf0768ba405,2025-10-18 21:46:10 +0200,1098,193,225,396,260,91,45,3
33cb02242d3071a0df0d8d445812d0feabd0928a,2025-10-18 23:33:38 -0400,1098,193,224,396,260,91,45,3
7c8fed3fe0f893d84576770ce7e063bc3ee47863,2025-10-19 07:59:34 +0100,1098,193,226,397,259,91,47,3
edf95d9e04ce96b39cb89612da1308783d3500ac,2025-10-19 03:20:10 -0400,1098,193,227,396,260,91,45,3
3200a352ae0d79811a92e2145693fb05e460818c,2025-10-19 08:11:44 -0700,1098,193,227,397,259,91,47,3
f480e3982092fde63093e88e3c8eafd4a944108f,2025-10-19 08:13:53 -0700,1098,193,227,398,261,92,45,3
51ed39589f290cb3aed8e6439eabf621044515b7,2025-10-19 08:24:54 -0700,1098,193,227,397,260,92,45,3
4316265c7d22b902f4ad43c8b484a70fa52eb249,2025-10-19 12:57:18 -0700,1103,193,227,398,261,92,45,3
b786a09b28be73a774758bf149c3b74ea7a111ab,2025-10-20 10:55:42 +0000,1103,194,227,398,261,92,45,3
ff7af08dc1fbe40b0a422ca4b9f76bc48d3eb01a,2025-10-20 19:54:11 -0500,1103,194,228,398,261,92,45,3
cc862c220f0212b5370a14e55f00bf4344ea5007,2025-10-20 21:29:10 -0700,1103,194,229,398,261,92,45,3
437d2d9e3376e8544e6ba3ace0d6b48293d2a147,2025-10-21 08:26:44 +0000,1103,195,229,398,261,92,45,3
18bd240d4331bd08d5dfef075d9ed310576e8b05,2025-10-21 09:39:23 +0000,1103,196,229,398,261,92,45,3
e3944990c3f2c54ba24acef4f0168eafa9e2ba22,2025-10-21 13:18:41 +0000,1103,197,229,398,261,92,45,3
178082e20b59344553bf12d3d378078b07ebbdb0,2025-10-21 19:10:10 -0700,1103,197,229,399,261,93,45,4
10dbd6e92d39c2209d31a682b37eb0b4b1de7d8e,2025-10-22 10:25:36 -0700,1103,197,230,399,261,93,45,4
110734fe188da22decc78f672fbb5d490ea34fc5,2025-10-23 12:20:27 -0700,1103,197,230,400,262,93,45,4
881d5c3a62a5d387126e2b6c924c92eb7eac0186,2025-10-23 18:46:25 -0700,1103,197,231,400,262,93,45,4
754127a048025e31a3c03831eb37571317a51c44,2025-10-24 12:50:37 +0000,1103,198,231,400,262,93,45,4
ede3231b8dbf6cee9ee7ebce2a00a68031c3a712,2025-10-24 19:52:24 +0000,1103,199,231,400,262,93,45,4
f21134650be93446dde895a0c060824d154fd18a,2025-10-25 07:49:38 -0700,1103,199,231,402,262,95,45,4
b92f7f78bcf0ce7bb4befa105f37dda78c6ff4a9,2025-10-26 18:01:59 -0700,1104,199,231,402,262,95,45,4
e24ffab661c19c45a5e4ef2796ca3cf238b5bc17,2025-10-26 22:07:32 -0700,1104,199,232,402,262,95,45,4
0705729bc2b41794ae18605898f207a0187c498b,2025-10-26 22:32:08 -0700,1104,199,233,402,262,95,45,4
07dbcbd161a5e2cd8ea8a5a2596f7ee8b7e4e975,2025-10-27 11:18:24 +0300,1104,199,234,402,262,95,45,4
ca6649f565fe0375759d37a8cb39dc435c24d9b4,2025-10-28 08:26:08 +0000,1104,199,234,404,262,95,47,4
c2a7dab27762fb0b5847afb876d9895997d8cd3d,2025-10-28 08:14:02 -0700,1104,199,234,403,261,96,46,4
dcb9b795b965c29da496ffd8f10c38168fbe924e,2025-10-28 10:09:41 -0700,1104,199,235,403,261,96,46,4
60504cdb3dc9a93fdd01eeebcc1c39cb3e74589e,2025-10-28 18:01:48 -0700,1104,199,236,403,261,96,46,4
6858587cef80e9a715444f9d56ca7f248c19e98d,2025-10-28 22:23:34 -0400,1104,199,237,403,261,96,46,4
8929ec3d26adc422c45fe109330ccb46fbe82800,2025-10-29 11:25:46 -0400,1104,199,238,403,261,96,46,4
5e186a69c2073260dc9dce7cb2d8793d0b145892,2025-10-29 17:54:41 -0700,1104,199,239,403,261,96,46,4
5d432bd23a0b1ee41310096ad7aba61b8d92861d,2025-10-31 07:52:50 -0700,1104,199,239,407,264,96,47,4
0c349de2b93b5baddc44103a4cd79ce78ad9d2b1,2025-10-31 07:54:04 -0700,1105,199,239,407,264,96,47,4
f25579e823a40a7dc7b5b339dd25b37aa4d5f103,2025-10-31 12:27:13 -0700,1105,199,240,407,264,96,47,4
3ba22f3c1c7fbe44a60c0ca2a91413387e501880,2025-10-31 16:48:17 -0700,1105,199,241,407,264,96,47,4
dd667d69b76f148bc6c2f6b7d86eb297c4d6d3ed,2025-11-02 14:23:57 +0000,1105,200,241,407,264,96,47,4
44bb515fd4d9a9ee76f6bff09fb3934aa5554cc9,2025-11-02 14:51:37 +0000,1105,201,241,407,264,96,47,4
dfee90d4fa1fec0398962fada462f8f5d0bbe6bb,2025-11-02 15:33:29 -0800,1105,201,242,407,264,96,47,4
8878ae369fe9d43f47954f027eb5a4dc4b765b14,2025-11-03 09:07:46 -0800,1105,201,242,408,264,97,47,4
14aae181405de870784f9d8a9f7a605813743c9d,2025-11-04 11:57:23 +0000,1105,202,242,408,264,97,47,4
98a29881c8b1535c17a8a577d1e39aa5fc1f101f,2025-11-04 07:34:56 -0800,1105,202,243,408,264,97,47,4
fc5b54455a1e6f8bbf91169f053ac21032446b6e,2025-11-04 16:36:47 -0800,1105,202,244,408,264,97,47,5
a951e45c8b660b416e41cdb1a04a79b877e9a7f1,2025-11-04 21:18:05 -0600,1105,202,245,408,264,97,47,5
5f1e4b72bcfe531e18155d45d4b9296d8b5acf75,2025-11-04 20:12:51 -0800,1105,202,246,408,264,97,47,5
611aef4b0b7260d07d92429a05983a86a18ddaa1,2025-11-06 02:16:02 -0500,1105,202,247,408,264,97,47,5
50b961d28b62ac7046647c9f19fc05961cc4ab64,2025-11-06 10:37:14 +0000,1105,203,246,408,264,97,47,5
bfeee064471d89ced57d3cb997e8232d583ee058,2025-11-07 16:14:03 -0600,1105,203,248,408,264,97,47,5
204dcaa24a4767b5480a14a35837abf798d1d91c,2025-11-08 20:23:32 -0600,1105,203,250,408,264,97,47,5
0e55e1fb8e8b49f215457e4c2e6e7074497eb994,2025-11-09 01:12:21 -0500,1105,203,251,408,264,97,47,5
98cebec85f35eeaa2e56830f4d72230d4a505a96,2025-11-11 11:06:43 +0000,1105,204,251,408,264,97,47,5
66795b6deef8cbc483ec29b93e3d1f0374bb7ac3,2025-11-11 11:37:11 +0000,1105,205,251,408,264,97,47,5
71b9fbc535df70ae3a39646d2daca498755fe5f0,2025-11-11 10:32:11 -0800,1105,205,252,408,264,97,47,5
fcf0be778a65db4b0de206d84187fa8624632454,2025-11-12 08:33:00 +0000,1105,206,252,408,264,97,47,5
1a402bca220daee3485ceb435400ef7fe3954629,2025-11-12 08:38:02 +0000,1105,208,252,408,264,97,47,5
c96303ac066d7628c9d3b2c9b426826cb4bc5a47,2025-11-12 09:19:54 +0000,1105,209,252,408,264,97,47,5
e44c6e87266fc1ded5f3034ce0395ea183c9a42a,2025-11-12 09:56:54 +0000,1105,210,252,408,264,97,47,5
a951a5519947dd9ccac0db6c1119ca90ecf755fc,2025-11-13 15:13:13 +0000,1105,211,252,408,264,97,47,5
96747be83d548adbee978f9f0c6013b698c11599,2025-11-13 16:58:23 +0000,1105,212,252,408,264,97,47,5
2312034eb0c7a87b3806cfe55a0861869c06bbdd,2025-11-13 17:03:16 +0000,1105,213,252,408,264,97,47,5
2bfb008886111dcc100d41f5f9db16f496aae1b8,2025-11-13 17:40:18 +0000,1105,214,252,408,264,97,47,5
2baa53ad05bfb9e2f64362faca2570d95762b4ad,2025-11-13 20:19:22 +0000,1105,215,252,408,264,97,47,5
d37187738e3f533eb4b14a8e162a76c5516c6784,2025-11-15 11:13:14 -0800,1105,215,253,408,264,97,47,5
355ad5d5c450d30cd179fc6aec6039b929a90881,2025-11-15 17:07:10 -0800,1105,215,254,408,264,97,47,5
2ddd47927251516a844cd0f9a7bed3fd089c1083,2025-11-16 10:16:21 -0800,1105,215,255,408,264,97,47,5
4c7d51edcde34d22b33018bba73c50443fd6f634,2025-11-16 12:48:05 -0800,1105,215,255,409,264,98,47,5
9decff59a84c87b996e756537e479f7fa8ea5c5b,2025-11-17 08:23:53 -0800,1105,215,256,409,264,98,47,5
edfce2fbf7634f4eb43148ab2df8633b0aa8168b,2025-11-17 08:32:20 -0800,1108,215,256,409,264,98,47,5
acb4ea004bebbd6117f77aeabe66791a4e1c546a,2025-11-17 11:34:36 -0800,1108,215,257,409,264,98,47,5
c9ed77d3268a6410b8c4a15c24e88986698b6967,2025-11-18 22:38:12 +0000,1108,216,257,409,264,98,47,6
c986753b6ec846aca1f0e93062aa1e2b1dad0bc2,2025-11-19 15:51:44 +0000,1108,217,257,409,264,98,47,6
e16cf71a52255177a2119d7c1eb95999467e3a1c,2025-11-20 08:21:24 +0300,1108,217,258,409,264,98,47,6
a32a312b18f61deab3314924ebf7f4545992e001,2025-11-21 12:38:41 +0000,1108,218,258,409,264,98,47,6
9842183a5c448a09c009bb6ab1982259ed1ce3e2,2025-11-21 13:21:52 +0000,1108,219,258,409,264,98,47,6
83067cfa824b0664c74350771f7f863d64c6fe57,2025-11-21 13:51:35 +0000,1108,220,258,409,264,98,47,6
0ea0399efba432d3552774856f023fb41b614bce,2025-11-21 14:35:09 +0000,1108,221,258,409,264,98,47,6
5b9e753c97d3db9d2a5e34745d6805bef118edd0,2025-11-21 14:59:51 +0000,1108,222,258,409,264,98,47,6
2ad074833b6164468f723f1eae50c5d6b9265baa,2025-11-21 08:54:20 -0800,1108,222,258,410,265,98,47,6
566b16832fe31b576ce358f063d46b177d2a55b3,2025-11-21 18:44:10 +0000,1108,223,258,410,265,98,47,6
b6c44157946b90be9ee289a126f076e952acb881,2025-11-21 21:24:15 +0000,1108,224,258,410,265,98,47,6
4f5c4fb42363c5a739fc4919dc73cafd2d9d5376,2025-11-24 08:45:04 +0000,1108,225,258,410,265,98,47,9
57ea7fc1ed0ca18dfedb767f6df06d6371557b40,2025-11-24 10:38:24 +0000,1108,226,258,410,265,98,47,9
5931086860dc24cee7abf8ba8ccf20c26641f822,2025-11-24 11:11:50 +0000,1108,227,258,410,265,98,47,9
1244d016d359e3604a60bcfa4957b949e2de05b1,2025-11-24 15:44:07 -0800,1108,227,259,410,265,98,47,11
bf4d345f50d073a17fa4c18acef92ed6dbcabc8a,2025-11-25 11:34:30 +0000,1108,228,259,410,265,98,47,11
d6bc5aa997e7dcfbc3203840daecbef6cdb1b381,2025-11-25 12:56:09 +0000,1108,229,259,410,265,98,47,11
06f16357129420f0c1ab658f949a90931ae05ca3,2025-11-25 13:05:24 +0000,1108,230,259,410,265,98,47,11
74f7b34db7586cb02de4bf17740970fa27aa5cca,2025-11-25 13:51:36 +0000,1108,231,259,410,265,98,47,11
ba6f3bb43c3e7d190169d1bb59f80e9403be0e6a,2025-11-25 21:41:49 +0000,1108,232,259,410,265,98,47,11
7185d28a397826d5e28ef9183d075ee3cb0e0295,2025-11-25 22:16:20 +0000,1108,233,259,410,265,98,47,11
00cc22ad58a905f480e28f031c7431e1c59efb2e,2025-11-26 12:34:16 +0000,1108,234,259,410,265,98,47,12
d8e776939058050ed84d1ffd96fabcbd902ddd9e,2025-11-27 07:22:00 +0000,1108,235,259,410,265,98,47,13
396edc8884bd0ec874a3844bf657b493b72903b7,2025-11-27 08:42:12 +0000,1108,236,259,410,265,98,47,13
7fc13c516d2692bb915d57f64b5492596476a820,2025-11-27 08:43:54 +0000,1108,237,259,410,265,98,47,13
6548216dda86baceb3af8c2b74b9330cf78ca390,2025-11-27 12:30:44 +0000,1108,238,259,410,265,98,47,13
dbef3ce991344618f28e84ee2a8c6f27572e8209,2025-11-27 13:10:48 +0000,1108,239,259,410,265,98,47,13
ac6012ada1dad05475c7a67bacea9c70c4b14dc2,2025-11-28 11:51:30 +0000,1108,240,259,410,265,98,47,14
807120a527fd43dcf5870c5b8972c0392adaa2df,2025-11-28 11:26:41 -0500,1108,240,260,410,265,98,47,14
705b8a1b6e2b410eb215aca61ca5b94714923405,2025-11-28 21:19:57 +0000,1108,241,259,410,265,98,47,15
c64874525134b77b3a5a9d02ba0181c373613917,2025-11-29 11:13:17 -0800,1108,241,260,410,265,98,47,16
a7aed2ecd63472ff19ec60255d3025ec486bee6a,2025-12-01 14:00:33 +0000,1108,241,260,411,266,98,47,17
45f91aada136b45d237a60bed9cac2be3161c76a,2025-12-01 14:15:24 +0000,1108,241,260,410,266,97,47,16
b099232763190001bc1eaa5d392722e7307f997e,2025-12-02 20:53:11 +0000,1108,241,260,413,268,97,48,16
dbd4af8a3b22ba3a4da08ba33a5970d074eb9950,2025-12-03 06:45:29 +0000,1108,241,261,413,268,97,48,16
d96b3e71ec152d6348517d89490e62a386d9325e,2025-12-03 16:06:44 +0000,1109,241,261,413,268,97,48,16
8941ade2f39562e3e1878da934ad6838260198ba,2025-12-04 11:08:48 +0000,1109,242,261,413,268,97,48,16
bc54e2fdddcc6c06ed27b4b82bdfadbad007c1e4,2025-12-04 12:52:44 +0000,1109,243,261,413,268,97,48,16
c2bf37d4dbeb8d40298d54007069847304a4fd7b,2025-12-04 17:50:14 +0000,1109,243,261,413,268,97,48,17
286b1a6135c4de6fa5b2323513ede58d7b06f41c,2025-12-05 18:22:55 +0000,1109,243,261,414,269,97,48,17
51994b885ad33bf0466e3db97c9158ab0d3730fc,2025-12-05 18:25:20 +0000,1109,243,261,415,270,97,48,17
ad3348c4d4508b64bbc9d6c1b0ebf790a9f22e7b,2025-12-07 18:40:16 +0000,1111,243,261,415,270,97,48,17
6e36b3f6a7dadb0a8bd3ad1e8eb559d2195e189a,2025-12-07 21:38:06 +0000,1111,245,261,415,270,97,48,17
f79ad32bce6ebed1d6bf9e704cc8ef2a2b3eecc3,2025-12-08 16:00:57 +0000,1111,245,261,414,269,97,48,17
2b567dd1d134d284d718a355ee5f47645ae45ca7,2025-12-08 22:37:24 +0000,1111,245,261,415,269,97,49,17
eda31b5be8771e3cfb6add813d39f0f0653943b3,2025-12-09 06:02:49 +0000,1111,245,261,415,269,97,49,18
1eca2a6b2739b816bc86b8e83e43ed515e215bc0,2025-12-09 15:49:57 +0000,1111,246,261,415,269,97,49,18
df521972263b546d4140506e2874b4755eaa8e52,2025-12-09 16:18:38 +0000,1111,248,261,415,269,97,49,18
475c1fc406a3e83fa0c26e6c37018a0ac219c32b,2025-12-09 18:35:36 +0000,1111,249,261,415,269,97,49,18
239dc08d93cd4565b122b7bccdc05394772899e6,2025-12-09 18:49:24 +0000,1111,249,262,415,269,97,49,18
38c1a5e805f241fd136c6b62db3ab7ff88cf7899,2025-12-10 11:27:43 +0000,1111,250,262,415,269,97,49,18
467afae8e3973ac2555285cd7e2ebe4a59ba0764,2025-12-10 11:50:12 +0000,1111,251,262,415,269,97,49,18
ad537b4764a897e5ed80287d28fe2adb392aee63,2025-12-10 13:50:42 +0000,1111,252,262,415,269,97,49,18
76f778d9b0ceca422f59fb17cd8c8b048c11c1d6,2025-12-10 14:08:04 +0000,1111,253,262,415,269,97,49,18
eeb3d6b9f969681ae0c25ac27ed6fd4e87f9bf64,2025-12-10 14:10:49 +0000,1111,254,262,415,269,97,49,18
a9086979f087acaf96e003f34db82356cb557341,2025-12-10 14:12:31 +0000,1111,255,262,415,269,97,49,18
99fd1adfa2c58f04851743fe3e4227ebed611b1c,2025-12-10 15:54:11 +0000,1111,256,262,415,269,97,49,18
524c07126111f41d7d42847e7d37040507bfec0b,2025-12-10 18:11:44 +0000,1111,256,262,415,269,97,49,19
d8bb2c3c1eb62e89471612776b29fdd0d5252bcb,2025-12-10 18:16:48 +0000,1111,257,262,415,269,97,49,19
d305da303f0fe5ef6ec2b50b7260c31bedd267e4,2025-12-11 08:10:13 +0000,1111,258,262,415,269,97,49,19
3b3be5d4b34a92f094d6cb8d12ee51390bc3d736,2025-12-11 13:37:52 +0000,1111,259,262,415,269,97,49,19
880697c4d7488da1775e041969c33965cf1ff3d1,2025-12-11 14:57:09 +0000,1111,260,262,415,269,97,49,19
11c1230e5582a6f34717f7b909c4ab1ba9bedd8f,2025-12-12 12:19:50 +0000,1111,261,262,415,269,97,49,19
f757f985d6b4d46d9a5dad5ef3de3b581630168f,2025-12-12 15:58:41 +0000,1111,261,262,414,269,97,48,20
06fdb2152ac5bc37352c721262a75b843fa15597,2025-12-12 14:39:00 -0800,1111,261,262,415,269,97,49,20,690
29d3e66b51011e34a529e1ffab8919b8761c54de,2025-12-12 22:39:35 +0000,1111,261,262,415,269,97,49,20,690
03a0f7a1f70843abe892899e7688144b4a4d13e8,2025-12-13 00:30:03 +0000,1111,261,262,419,271,97,51,20,692
7119c3e33106ee98d6cd23cbf8b885c5adf73bf3,2025-12-13 00:57:21 +0000,1111,261,262,419,271,97,51,20,692
e6c3bca2f1011b93b6d094493765d50b7a61489a,2025-12-13 07:00:34 +0000,1111,261,262,419,271,97,51,20,692
86912cf7786889674031d2a9aa1713a7abe8f9d0,2025-12-13 07:26:26 +0000,1111,261,262,419,271,97,51,20,692
c3cf968f9ba732e413307f8ba5e213e11e81352f,2025-12-13 10:24:01 +0000,1111,261,262,419,271,97,51,20,692
d92c6514aa40c7c735df566eb5d0ba4533f8e071,2025-12-13 10:24:26 +0000,1111,261,262,419,271,97,51,20,692
1b6d624db17d860abfea886257ead0104403eb84,2025-12-13 10:24:56 +0000,1111,261,262,419,271,97,51,20,692
1fed4b2f97ce58cad376097b9d2b7e3ee52ff525,2025-12-13 10:25:15 +0000,1111,261,262,419,271,97,51,20,692
3f92e70778ca55ebe468f45557c9e1546759abab,2025-12-13 16:49:30 +0000,1111,262,262,419,271,97,51,20,692
ad13648fea10ed8212be02d30d2679ea4e8671ee,2025-12-13 19:04:02 +0000,1111,262,262,419,271,97,51,20,692
f3a95264750661869143bbddfacbd0471b05f27a,2025-12-14 16:11:19 +0000,1111,262,263,419,271,97,51,20,692
9e6637f8622475ff6f365d1a430dc63c31c2fedf,2025-12-14 16:12:45 +0000,1111,262,263,419,271,97,51,20,692
b6db97414e4c77a7391823542e220270aa798117,2025-12-14 16:13:58 +0000,1111,262,264,419,271,97,51,20,692
7dba971a00e32373a57a6d46d503912d11d24256,2025-12-14 16:16:00 +0000,1111,262,264,420,271,97,52,20,691
9c55ca720f36b3f8f537ad38707940b18a456cc6,2025-12-14 23:02:47 +0000,1111,262,264,420,271,97,52,20,691
9ba7b75191ecd2a194370ca5782d413f507045fa,2025-12-15 03:43:23 +0000,1111,262,264,420,271,97,52,20,691
6129471cde0c3d04e483ba1b6d8ef11d70c0e647,2025-12-15 05:07:06 +0000,1111,262,264,420,271,97,52,20,691
77f0d98c6210e7b8644af157db0074a83cdda8b8,2025-12-15 10:27:17 +0000,1111,262,264,420,271,97,52,20,691
1692a00ca1d4725b9dc640d6503d2cf36af58f99,2025-12-15 10:58:22 +0000,1111,262,264,420,271,97,52,20,691
927d6e1114bbc10de0c27152c7761240adfe404e,2025-12-16 14:09:55 +0000,1111,262,264,420,271,97,52,20,691
625081a0ccd8361cf2368b2bef0c535a992e493b,2025-12-17 13:08:14 +0000,1111,263,264,420,271,97,52,20,691
5028befee546a211ebcd1c0fc3ff062868cbd2e5,2025-12-17 13:13:43 +0000,1111,264,264,420,271,97,52,20,691
db22aef4c93b2236c44eb0332332a0a46d95f72b,2025-12-17 17:21:36 +0000,1111,265,264,420,271,97,52,20,691
09b8b83e92f85df2bd9dbc03de527414ad49f476,2025-12-18 11:22:31 +0000,1111,265,264,420,271,97,52,20,691
634f4b814bb97dad6d6d635d326f24030c271a31,2025-12-19 01:58:37 +0000,1111,265,264,420,271,97,52,20,691
6d283199692fb7ca94a7e70107bc28da274c46de,2025-12-19 02:00:28 +0000,1111,265,265,420,271,97,52,20,691
751e5728d6fbdef424f65ade12764271e12001ba,2025-12-19 02:01:26 +0000,1111,265,266,420,271,97,52,20,691
ee533da470eb16074ce73c6dd4aedff9df96d17d,2025-12-19 16:27:12 +0000,1111,265,266,420,271,97,52,21,691
162714448d3f6e7d5319130406a99eccde4c3f6e,2025-12-19 22:31:04 +0000,1111,265,266,421,271,98,52,21,690
18f83bf66433db8ca302b439ad9e61975a31a23a,2025-12-19 23:27:08 +0000,1111,265,266,421,271,98,52,22,690
11dd4a08639230ff5e9aeae5b155a5a332024c8c,2025-12-20 14:37:46 +0000,1111,266,266,421,271,98,52,22,690
1d8d7b67ac2a132b8e64b01d942da3b3286894fb,2025-12-20 20:52:54 +0000,1111,267,266,421,271,98,52,22,690
a9b57e80f7bc5015000d262588beaf03a34d5686,2025-12-20 21:38:58 +0000,1111,268,266,421,271,98,52,22,690
e8383f0d01d4e37652699b72b5bed733adc57853,2025-12-20 22:33:00 +0000,1111,269,266,421,271,98,52,22,690
23b0ec3f7b0aa8855ff3f30e1040a57f77e34c7b,2025-12-21 00:48:12 +0000,1111,269,266,422,272,98,52,22,689
7631ad28e1b79163af62d39fd34147a933b55c70,2025-12-21 16:33:57 +0000,1111,269,266,422,272,98,52,22,689
9a17344b4164e63de8729bc48825d6a86fa46ebe,2025-12-21 16:36:18 +0000,1111,269,266,422,272,98,52,23,689
9b7d73119adaeef2e3408f146deb853908b01c9d,2025-12-22 17:23:37 +0000,1111,269,267,422,272,98,52,23,689
7ca3ebcc0763dfdf876c7e434a8298e7028e75e0,2025-12-22 17:56:16 +0000,1111,269,267,422,272,98,52,23,689
f1bf225458538687da213e40fd279fa3bb7e4161,2025-12-22 18:18:18 +0000,1111,269,267,422,272,98,52,23,689
8ec5954ecb3cb8d9efd8251cd8995a212dbe1500,2025-12-22 21:17:10 +0000,1111,270,267,422,272,98,52,23,689
1828f6ef7ad8ff98bf74637f6c1f7e635c7bd25e,2025-12-23 10:33:50 +0000,1111,270,267,422,272,98,52,23,689
699ea772c551db83b2079b77623835ae8db13927,2025-12-23 10:50:20 +0000,1111,270,267,422,272,98,52,23,689
37524cc55b9c5ff2eeb3d96adbd5692a6c1c44db,2025-12-23 21:18:48 +0000,1111,270,267,422,272,98,52,23,689
2ccc744a51c2ae6474c7b423538de148062e7284,2025-12-24 08:48:59 +0000,1111,271,267,422,272,98,52,23,689
27a200f79265253769b0acb8df55396bd0b40043,2025-12-25 17:26:09 +0000,1111,271,269,422,272,98,52,23,689
37b0b544eea025d516a510bece376f85f900e5a8,2025-12-25 17:35:20 +0000,1111,271,269,423,272,99,52,24,688
f185e4fada88e1b7505d1eb6b64e3b91d4bd526e,2025-12-26 13:24:05 +0000,1111,272,269,423,272,99,52,24,688
88c851b65589ef9550c403eae722c391ce155889,2025-12-26 21:42:30 +0000,1110,272,269,423,272,99,52,24,687
2457ee0d8e9490d77fbe844783df387da76c116d,2025-12-26 21:45:36 +0000,1110,272,269,423,272,99,52,24,687
61544776d084f37c056567cbcb4f19afbe509f62,2025-12-26 21:48:07 +0000,1110,272,269,424,272,100,52,24,686
b5b5a65167fdd9f4b7290d7d1856d44def0b71c9,2025-12-27 04:38:16 +0000,1111,272,269,424,272,100,52,25,687
d6f8854316b8da6d12185205d47da3d29146621e,2025-12-27 04:59:41 +0000,1111,272,269,425,273,100,52,25,686
f315da8240c582c2ba1e95f4c25a6a475ff4a2ea,2025-12-27 15:35:29 +0000,1111,272,269,425,273,100,52,26,686
5ae5aee5a4024ecf4af3c01cc5e4f465b189a751,2025-12-27 15:36:36 +0000,1111,272,269,425,273,100,52,27,686
3519da18aed82256655fef9f30d05647dc9d2286,2025-12-27 17:16:40 +0000,1111,272,269,426,273,100,53,27,685
3940682f870ab33e0e0e65b05577fa11cc2df4da,2025-12-28 06:32:44 +0000,1111,272,269,426,273,100,53,30,685
8a0b8fb60a25061d11d036d36b1f74921b00f339,2025-12-28 11:36:09 +0000,1111,273,269,426,273,100,53,30,685
9dcc58baafbc399f1f896de485b18b1dfcb380a5,2025-12-28 15:29:00 +0000,1111,273,270,426,273,100,53,30,685
bcce9ed46574e3e30e39b006639234544da7b0e6,2025-12-28 15:39:33 +0000,1113,273,271,426,273,100,53,32,687
54b0a7d1db7fa6868e820b78e1c39c938ba055cc,2025-12-28 15:59:52 +0000,1113,273,271,426,273,100,53,33,687
414054f2b75b9f5a8051d24e63e91f2ba1c40d54,2025-12-28 17:53:31 +0000,1113,273,271,427,274,100,53,33,686
00eabc007274c834c0da96306488fb85234f0432,2025-12-28 19:27:05 +0000,1113,273,271,428,274,100,54,33,685
f6933b5eefb9ed8ec1c24f833e8ecf974d27336b,2025-12-29 07:57:32 +0000,1120,273,271,432,274,101,57,32,688
57dab5edb17c5634e6f232282baeb6561bfb10b2,2025-12-29 13:29:59 +0000,1120,274,271,432,274,101,57,32,688
44c7115abbcfc16c30eb224103cdbad68758feb1,2025-12-29 15:54:12 +0000,1120,275,271,432,274,101,57,32,688
17f02eabeb4349d5558bc830f2e4274dfd7b1f65,2025-12-29 16:57:14 +0000,1120,276,271,432,274,101,57,32,688
3a954945a152a53ce1030a2af233969776f40341,2025-12-29 17:02:08 +0000,1120,276,272,432,274,101,57,35,688
3572d1211b7663e173e0056b79412060edf14ad3,2025-12-29 17:05:14 +0000,1120,276,272,432,274,101,57,36,688
1efca8f73f86cb2122ac18475235d70774382b33,2025-12-29 18:23:15 +0000,1120,276,272,432,274,101,57,36,688
0265296a18c6b9d9fdfb43dd88111e59e219bbab,2025-12-29 19:40:43 +0000,1120,276,272,432,274,101,57,36,688
29010b12e98b89f301863d99e0d83b0156c1a680,2025-12-29 23:48:34 +0000,1120,276,273,432,274,101,57,36,688
f9f123c2d122cf8f9050580b19ee9bf537deedf2,2025-12-30 09:50:37 +0000,1120,276,273,432,274,101,57,36,688
457e5c054a6d0f856287be8510f3b7bd6127b86a,2025-12-30 09:51:34 +0000,1120,277,273,432,274,101,57,36,688
6701d7d09ef69e41247774fe60008c6e80ba4cf9,2025-12-30 10:19:12 +0000,1120,278,273,432,274,101,57,36,688
2ce111a8b8ef5d18ba8600842659383da7bcc216,2025-12-30 13:40:16 +0000,1120,278,273,432,274,101,57,36,688
d1a1dcdbced37dbaa830b48a1ded4a2469968f14,2025-12-30 14:07:44 +0000,1120,278,273,432,274,101,57,36,688
b72728a1c90b857b24f526771192f9b381498649,2025-12-30 14:12:15 +0000,1120,278,273,432,274,101,57,36,688
bd65a2f69208bccd133b51c441483482f90fd681,2025-12-30 16:26:14 +0000,1128,278,273,437,278,102,57,36,691
59b500bb4aa43434ed603c3626be02060504fec9,2025-12-30 17:32:37 +0000,1128,279,273,437,278,102,57,36,691
144b186cc4b187ce2a1c0fa4e3ad6f84e33322bd,2025-12-30 18:09:13 +0000,1128,280,273,437,278,102,57,36,691
3aaafdf4005051d45817e5aee268e7855f088645,2025-12-30 20:27:13 +0000,1128,281,273,437,278,102,57,36,691
223c3ad75dfe06dfbe676bc74e05d9723653c7f8,2025-12-30 22:07:39 +0000,1128,281,273,437,278,102,57,36,691
d340c7f6e5dba17ad98e9835bfed0cc1e5cb24a6,2025-12-31 02:34:45 +0000,1128,281,273,437,278,102,57,36,691
5271e464dfaaad41a8a081ae1365133dd67c8633,2025-12-31 07:33:24 +0000,1128,281,273,439,278,102,59,37,689
d23db0b9a514a594a41baef8ed1b9770f93f3f0d,2025-12-31 11:01:46 +0000,1128,281,273,439,278,102,59,37,689
cc8ef5464133e18ed377de1f7ff0f705634cee36,2025-12-31 12:50:23 +0000,1128,282,273,439,278,102,59,37,689
4bb502f392b103397e6e0c6e6f25db6ecbd79c46,2025-12-31 14:14:42 +0000,1128,282,274,439,278,102,59,38,689
c88be23fd9d0d435cc0f403b5b27c9f6f58a51b7,2025-12-31 21:13:18 +0000,1128,283,274,439,278,102,59,38,689
5c7355cf5e7251499a80d0561a4aa7e08bdbce15,2026-01-01 08:47:57 +0000,1128,283,274,439,278,102,59,38,689
226a978a4bfff8a42298036b67ac68c7b67731cb,2026-01-01 09:12:20 +0000,1128,284,274,439,278,102,59,38,689
550d5da69d3d3711b4c17855f2434b4257543997,2026-01-01 17:17:25 +0000,1128,284,274,440,278,102,60,38,688
06eee672859b136ab7308b6a3a34f2bd17079bef,2026-01-01 17:37:18 +0000,1128,284,274,440,278,102,60,38,688
41e4af644bde74216c4efa90b9e0ff9d4c679f9b,2026-01-01 19:39:57 +0000,1128,285,274,440,278,102,60,38,688
6e481585572597ff9773ae3592bf3278bd39d43e,2026-01-02 03:34:34 +0000,1133,285,274,440,278,102,60,38,693
fef8be737cf2495aea202a195fd53a477a5022a7,2026-01-02 09:03:29 +0000,1133,286,274,440,278,102,60,38,693
ab2f4d478624720f0e7113601994aa3aef2c8631,2026-01-02 15:40:23 +0000,1133,287,274,440,278,102,60,38,693
6cb111a3c2af2e27d7394dcb2883a5004e502204,2026-01-02 15:41:15 +0000,1133,287,274,440,278,102,60,38,693
32c43b4296487e7d7288a6a7fcf31a65395bc059,2026-01-02 17:42:46 +0000,1133,287,275,440,278,102,60,38,693
6891ac937e55ed25bb206484232d6ae35a8d6ff7,2026-01-02 20:56:30 +0000,1133,287,275,441,278,103,60,38,692
95f9d306dcba5bfa3ba7868962e56057ea2358e3,2026-01-03 17:15:45 +0000,1133,289,275,441,278,103,60,38,692
8c2760e1dd4ab909aa9b238c131f29edf42e7c77,2026-01-03 17:17:35 +0000,1133,290,275,441,278,103,60,38,692
8232db13151d456083085dc2c430a80cc8d44b51,2026-01-03 21:10:22 +0000,1133,291,275,441,278,103,60,38,692
e00319626ede2137648a2f653cd9df50ccd89cda,2026-01-04 07:04:18 +0000,1133,292,275,441,278,103,60,38,692
1af9c35902e0a9b5e1757731c0337556f83d29da,2026-01-04 08:36:39 +0000,1133,293,275,441,278,103,60,38,692
951dba27bffe4e2554f48361bab6b40a92af1298,2026-01-04 18:28:49 +0000,1133,294,275,441,278,103,60,38,692
65beac777691fa148f816ef0e06d37a0538289b0,2026-01-05 10:27:02 +0000,1133,294,275,441,278,103,60,38,692
aee337d276b5d3203743b6cb3993345508572229,2026-01-05 10:36:49 +0000,1133,294,275,441,278,103,60,38,692
5e23f55c31f1c86f6ae89cafdd2a6e7ccd290904,2026-01-05 12:59:35 +0000,1133,295,275,441,278,103,60,38,692
49a8472900412586789a3db3955a1582f29ce56a,2026-01-05 14:22:31 +0000,1133,296,275,441,278,103,60,38,692
5f62748932737d2801df0fe56384c0f5a77d575c,2026-01-05 15:50:39 +0000,1133,296,275,442,278,104,60,39,691
6ee895f9b8f8d68af9d8eedb5dc2b552d56b4aaa,2026-01-05 15:59:15 +0000,1133,296,275,442,278,104,60,39,691
ecf7d74668f59b4343b0a1217316d6dbd2ff23c4,2026-01-05 22:02:22 +0000,1133,296,275,442,278,104,60,39,691
71d59c536666701a1fd45928c6249223195e12e1,2026-01-06 05:53:21 +0000,1133,296,275,443,279,104,60,40,690
85b677636996b635c418c86af2f10f5ca85ddfc8,2026-01-06 07:19:07 +0000,1133,296,275,443,279,104,60,40,690
fad82695de8fb744a0b3ba2bc5b16ba44c61bc3e,2026-01-06 07:26:07 +0000,1133,296,275,443,279,104,60,40,690
2c31ed503babe26afbaca79bc5cc1569bb0a9492,2026-01-06 11:39:49 +0000,1133,296,275,443,279,104,60,40,690
0753eae82200e3b858d9a16ab547ea00d5376ec6,2026-01-06 11:42:13 +0000,1133,297,275,443,279,104,60,40,690
0d20129253ea2e94888f5b2c5535d5d975daa719,2026-01-06 12:13:20 +0000,1133,297,275,443,279,104,60,40,690
8f8e2345515ae82c8037c5ecb6dd5baa900a24af,2026-01-06 13:44:34 +0000,1133,297,275,443,279,104,60,40,690
dbcfae06ac83b7f8da32819033a127b1d03410af,2026-01-06 14:53:45 +0000,1133,297,275,443,279,104,60,40,690
c200140fa5fd13924dedac676cf09ba7fac68cb6,2026-01-06 16:00:03 +0000,1133,297,275,443,279,104,60,40,690
9ac510ad4ae48bd4ece636c25d77e0cf5c0783d0,2026-01-06 17:49:40 +0000,1133,297,275,443,279,104,60,40,690
de0d1a973d1d42ffb344ef99f5e5d17a5c3e3a36,2026-01-06 18:15:29 +0000,1133,298,275,443,279,104,60,40,690
536c80611900bfa3657281f1170b3c1ee41e0be7,2026-01-06 21:20:03 +0000,1133,299,275,443,279,104,60,40,690
4680a1d5365a69a53bb706f673a96ad6b2a160fd,2026-01-07 07:51:48 +0000,1133,299,275,443,279,104,60,40,690
17ee0ca03436667e830793ce76ab45a9ecfb0221,2026-01-07 08:02:15 +0000,1133,299,275,443,279,104,60,40,690
dd0e00154bd615cb4bfa83f6cedfeeacefe9f38b,2026-01-07 08:30:02 +0000,1133,300,275,443,279,104,60,40,690
6f3b2985b6018e50e2d18b99e72f476918451c1b,2026-01-07 08:51:06 +0000,1133,300,275,443,279,104,60,40,690
588049e24c799db849b5a08a8a525c9ef84248a7,2026-01-07 10:41:07 +0000,1133,300,275,443,279,104,60,40,690
83a30d8325d1164b20451d6a8d27a9d508d0d19a,2026-01-07 10:47:10 +0000,1133,301,275,443,279,104,60,40,690
2662ab9ca552ad6f849aca066b49891a1c9dddd9,2026-01-07 10:56:26 +0000,1133,301,275,443,279,104,60,40,690
a4e12524f76f6e5a58ade8cf90c57a07ee25eb2a,2026-01-07 11:06:38 +0000,1133,301,275,443,279,104,60,40,690
3f06ce814db5b0e0e12b7d5fb80d926884950047,2026-01-07 11:08:27 +0000,1133,301,275,443,279,104,60,40,690
78460f08b5fbaeef415075eec5188dc395c549d0,2026-01-07 11:37:29 +0000,1133,301,275,443,279,104,60,40,690
12499333801afebca59c314face75dfaba9d5880,2026-01-07 11:40:43 +0000,1133,301,275,443,279,104,60,40,690
daa12c7d7751fe3776c397851058dbe32ac86483,2026-01-07 11:47:31 +0000,1133,301,275,443,279,104,60,40,690
55d704cbf5c9c274a96e675dcfdba52ad088041e,2026-01-07 11:52:35 +0000,1133,301,275,443,279,104,60,40,690
e33710f54384d3608bcf57470656ca49d401aa86,2026-01-07 11:52:48 +0000,1133,301,275,443,279,104,60,40,690
58d15aa2cfd01dba59303a89c378c9da5cd1aa83,2026-01-07 11:54:18 +0000,1133,302,275,443,279,104,60,40,690
6084e491eb6c4f48a5e1ca453378706030bdf9d6,2026-01-07 12:45:18 +0000,1133,302,275,443,279,104,60,40,690
6a7d1d880c57ec5429dab7fcd1fbad7e3a81ca73,2026-01-07 13:00:57 +0000,1133,302,275,443,279,104,60,40,690
a69bc01adf2a7b9301bbd506b60ca307daedfa6a,2026-01-07 13:01:19 +0000,1133,302,275,443,279,104,60,40,690
e513bae5f7d012e5504d6bd669b5430930c1bde6,2026-01-07 18:27:34 +0000,1133,302,275,443,279,104,60,40,690
5062f7baa0c9e6b07c1e9e0d4c20ba3568b81150,2026-01-08 00:52:45 +0000,1133,302,278,443,279,104,60,40,690
7030aef1eddb8fe0fde9d870cb2fd54064acee1b,2026-01-08 00:53:18 +0000,1133,302,279,443,279,104,60,40,690
9494584295b12f7fff3aa90bea4581206a8c6de8,2026-01-08 02:57:22 +0000,1133,302,279,443,279,104,60,41,690
9d8b90beb1226101d98b999702d7df351018bc2f,2026-01-08 05:39:31 +0000,1133,303,279,443,279,104,60,41,690
c3c6f5a8c58d51bc49a2db5dc45256ba2276898e,2026-01-08 05:56:12 +0000,1133,303,279,443,279,104,60,41,690
df2729ed91ebf43d684812fa4f24f47afe7056e1,2026-01-08 08:26:22 +0000,1133,303,279,443,279,104,60,41,690
ed0a6b9e3ac03e1ff2ed4a5473f98a0c9d072324,2026-01-08 09:56:07 +0000,1133,304,279,443,279,104,60,41,690
3d0bf86ebc054f19a4922a38b673ec6003849ba6,2026-01-08 11:46:24 +0000,1133,304,279,443,279,104,60,41,690
0870e7f253bfe31826d5059f5f9bf6bec44f24c7,2026-01-08 13:45:19 +0000,1133,304,279,443,279,104,60,41,690
5f921cf6be7346597a94859798ab594c3510ab99,2026-01-08 16:36:55 +0000,1133,305,279,443,279,104,60,41,690
5da9e47b6213e19d7e9bb78353ac80326407211e,2026-01-08 16:46:05 +0000,1133,306,279,443,279,104,60,41,690
8a9556d3b8c05022cdc9caae81a7631cce34e457,2026-01-08 17:13:06 +0000,1133,306,279,443,279,104,60,41,690
664dbc572c8e613c9c7b72091d8665354d9c59f2,2026-01-08 17:59:42 +0000,1133,306,279,443,279,104,60,42,690
4a3dce92ebd2b97d566c96af237d6da6ddac432b,2026-01-08 18:02:09 +0000,1133,306,280,443,279,104,60,42,690
09a7354e7b86f3e1ce786599990f36c8fd2ddda7,2026-01-09 08:24:46 +0000,1133,307,280,443,279,104,60,42,690
bf886dc48c5a4b04864575447c38def5a897e6dc,2026-01-09 12:08:22 +0000,1133,307,280,443,279,104,60,42,690
bdb9a5b1544a48a16a961e0af05f2a944d059f8d,2026-01-09 14:04:23 +0000,1133,307,280,443,279,104,60,42,690
d9c8c9ad4a0a48adfd352e22e86e0ee255df6e56,2026-01-09 14:41:11 +0000,1133,307,280,443,279,104,60,42,690
35f2849631412b6a648e55a9f4c9e10dc012f1f9,2026-01-09 15:23:25 +0000,1133,307,280,443,279,104,60,42,690
2e2a4de2b65e756546c2e519063261d1721892c2,2026-01-09 17:50:14 +0000,1133,307,280,443,279,104,60,42,690
ada2dfb2e00da95d233ba8e37edf097d15a6e50e,2026-01-09 18:54:51 +0000,1133,307,280,443,279,104,60,42,690
a0bf85515e34167b979e3b3d85e4ac8ec7acc009,2026-01-09 18:56:21 +0000,1133,307,280,443,279,104,60,42,690
968985e9bb92a84cbb6f9cfe5e02502caa2a3343,2026-01-09 18:56:46 +0000,1133,307,280,443,279,104,60,42,690
06b95e9ec1c1154fd1912d723fb0858ecb061971,2026-01-09 19:10:17 +0000,1133,307,280,443,279,104,60,42,690
497f5dde1e9f49c6e51ceeb80f5bdc920954df27,2026-01-09 19:59:09 +0000,1133,308,280,443,279,104,60,42,690
b5852f6fc8606f8cba7a0914feb4195ccdc13db3,2026-01-10 17:16:11 +0000,1133,308,280,443,279,104,60,42,690
56ca7af2bd26fdd5d6149e6f2c0b3c72cb5e2909,2026-01-10 18:13:14 +0000,1133,308,280,444,280,104,60,43,689
fc1ab21ac680def0d2481466a2e1806f56fd098e,2026-01-10 20:29:40 +0000,1133,308,280,444,280,104,60,43,689
83a286f9dd3bc4bfeb6f7eb5f800625181499f47,2026-01-10 21:36:50 +0000,1133,308,281,444,280,104,60,43,689
5c198b840b18e789510981ca6bf528e7f4bb7a90,2026-01-11 01:03:20 +0000,1133,308,281,445,280,105,60,44,688
1324f91d013f00851ca738a70b5ee3e4a1f84f90,2026-01-11 04:29:38 +0000,1133,308,281,446,280,106,60,44,687
1e1f34f4f403ad8b532f2dd76983646d1681e0da,2026-01-11 04:41:52 +0000,1133,308,281,446,280,106,60,45,687
20494fa3b99021c8456bff52fe2690183bfa9e99,2026-01-11 14:25:33 +0000,1133,308,281,446,280,106,60,45,687
58864b6f34b70ab78db1785911b31bd6fc85cb7d,2026-01-11 14:27:53 +0000,1133,309,281,446,280,106,60,45,687
fb8c7f34f13dcb3a545b45376c1370740484e71f,2026-01-11 14:37:46 +0000,1133,309,281,446,280,106,60,45,687
e85952ec179a6d507cb181bce249f82492d5426e,2026-01-11 16:27:01 +0000,1135,309,281,447,280,107,60,45,688
ab3ea69698abd0012a99e5db96ec9a233c682c64,2026-01-11 17:01:03 +0000,1135,309,281,447,280,107,60,45,688
373763acdf28ae5a17c069861484e5d82c202a5a,2026-01-11 19:19:06 +0000,1135,310,281,447,280,107,60,45,688
1b34803a0358c2dd54854d15988641ed00c624f6,2026-01-11 20:11:29 +0000,1135,310,281,448,281,107,60,46,687
c73f6f9d3ff61f7bfbb466b7cb0d42c420b2765b,2026-01-11 21:46:09 +0000,1135,311,281,448,281,107,60,46,687
b81dda10fd0ab1b2dac81c5e2726f33adb9cf15b,2026-01-11 22:38:13 +0000,1135,311,282,448,281,107,60,46,687
5a1a380027a0593ae4f24ff46605b7e908a7e63e,2026-01-12 12:58:14 +0000,1135,311,282,448,281,107,60,46,687
8a9584ca89e918f52f05b933b043f190cf4f2b80,2026-01-12 13:38:43 +0000,1135,312,282,448,281,107,60,46,687
6cc1fec5952aae10af9a2094e1a639fc0febc715,2026-01-12 13:53:53 +0000,1135,313,282,448,281,107,60,46,687
d651e16265a9062771ff61a19548b08845946c40,2026-01-12 14:17:59 +0000,1135,314,282,448,281,107,60,46,687
5e5a224b198256a076cad84e9b06e2c695ee8a6b,2026-01-12 14:27:12 +0000,1135,315,282,448,281,107,60,46,687
5a8dded229c89dd663f011fc8bc82bf223c2103d,2026-01-12 14:41:15 +0000,1135,316,282,448,281,107,60,46,687
eb456012f0a342ec5b1ef1910f3abd97dd46c97b,2026-01-12 16:58:48 +0000,1135,317,282,448,281,107,60,46,687
f9eb64ea72c9c6b3b3ac2ca91065d21b4c6d8fc2,2026-01-12 17:11:34 +0000,1135,317,282,448,281,107,60,46,687
e0d7eaea2a008c23b3a918465552b85490418e2b,2026-01-12 22:45:05 +0000,1135,317,282,448,281,107,60,46,687
5174c3288a9d125714dbee41e0f23ed3eca5d785,2026-01-13 03:16:23 +0000,1135,317,282,449,282,107,60,46,686
3241c5bf4af9a8437aceed5af5298deb2aff1d14,2026-01-13 08:01:38 +0000,1135,318,282,449,282,107,60,46,686
5a4e5d88069dfe1679a80ae0837307b13a5a4080,2026-01-13 12:38:07 +0000,1135,318,282,449,282,107,60,46,686
c74f2f2a08b159d28229eb7242b7f87b968176aa,2026-01-13 14:07:16 +0000,1135,319,282,449,282,107,60,46,686
95fe645288162962c99c79728a2787d3d5e71861,2026-01-13 20:57:08 +0000,1135,320,282,449,282,107,60,46,686
cb1d19ee3f0ca98f79e1520fd631673c118abd4b,2026-01-13 21:15:51 +0000,1135,320,282,449,282,107,60,46,686
51f255bccc5d44499d1fe97ba0cc6dc181002215,2026-01-14 02:23:29 +0000,1135,320,282,449,282,107,60,46,686
c91ee136e4ebf00c93f022da71b460665f9dd501,2026-01-14 03:52:25 +0000,1135,320,282,450,282,108,60,46,685
103596212ccb0a96c9539565b38cf093a5c7ef22,2026-01-14 16:03:58 +0000,1135,321,282,450,282,108,60,46,685
8faff969d651bab00d3929c4e06a743842bd1325,2026-01-14 16:10:54 +0000,1135,321,282,450,282,108,60,47,685
0dd6cfc5d4c7a3ef63fc973b91137945317dc938,2026-01-14 16:13:09 +0000,1135,321,282,450,282,108,60,47,685
8658b4e9e6bf4aa84362ee434755f17fcd9e310b,2026-01-14 16:32:13 +0000,1135,321,282,450,282,108,60,47,685
30758e791a8677d962443fdacf553af8eaf0fdd4,2026-01-14 16:59:29 +0000,1135,321,282,451,283,108,60,47,684
4d9f580fadf81d9279070ce4d71fbd8364c915b9,2026-01-14 17:09:40 +0000,1135,321,282,451,283,108,60,47,684
a9f81b3f036b0c8024a04c014f7df00603836d5c,2026-01-14 17:11:54 +0000,1135,322,282,451,283,108,60,47,684
